window_start_date,test_date,mae,rmse,mape
2023-01-01,2024-01-01,7.738019630499399,10.023005910031586,8.277811130420098
2023-01-02,2024-01-02,8.023055085137385,10.048731412832629,8.515922438076306
2023-01-03,2024-01-03,8.486724888361461,11.63572502175131,9.805789353260492
2023-01-04,2024-01-04,9.634001888671586,12.447743625335368,10.97399291164079
2023-01-05,2024-01-05,6.286247406654829,9.13478034567525,7.150967315076843
2023-01-06,2024-01-06,6.646691673414381,9.49415284332739,7.612410435935042
2023-01-07,2024-01-07,6.706839263796754,9.789180779593046,7.462751732138321
2023-01-08,2024-01-08,15.453102229606886,16.69019144071548,14.631858250819516
2023-01-09,2024-01-09,13.126274082814495,14.093732314457515,12.194919510239878
2023-01-10,2024-01-10,11.83078246853948,12.556992448027168,10.93281848391002
2023-01-11,2024-01-11,7.644478699342666,8.372372564061038,7.051650693466558
2023-01-12,2024-01-12,3.9010901810374343,5.233473412962291,3.817495757843477
2023-01-13,2024-01-13,5.005049566224612,5.353785169056183,4.712773596959387
2023-01-14,2024-01-14,3.556431802317635,5.09624578585084,3.4578602883030745
2023-01-15,2024-01-15,6.681437331434815,8.950360313764307,6.755388937431671
2023-01-16,2024-01-16,6.690767271766818,8.779675799259905,6.709262985344472
2023-01-17,2024-01-17,6.911533435593613,8.582912006309542,6.878359800814623
2023-01-18,2024-01-18,6.491533882881541,7.936600641077361,6.419736331240615
2023-01-19,2024-01-19,4.459356546967137,5.437361075106765,4.17415660280717
2023-01-20,2024-01-20,4.787999334098627,5.917897003154564,4.588958562045688
2023-01-21,2024-01-21,5.186591777525493,6.053151190966904,4.901305303489422
2023-01-22,2024-01-22,5.762570069116618,7.2397961138367695,5.077445714524947
2023-01-23,2024-01-23,4.48057288806511,5.382408835968086,4.444296358498616
2023-01-24,2024-01-24,4.565704318699498,5.507399090377617,4.558568133344161
2023-01-25,2024-01-25,5.638268625028262,6.306489579668123,5.664983609956527
2023-01-26,2024-01-26,5.477889955045161,6.804973127213399,4.974546530643413
2023-01-27,2024-01-27,5.4317318023667855,6.197280541714741,5.368272655548103
2023-01-28,2024-01-28,5.09157940854258,5.815285418923023,4.912770929419617
2023-01-29,2024-01-29,4.197664119085867,5.903388290892856,3.81681221692904
2023-01-30,2024-01-30,4.385024676109241,5.2269442737257545,4.23095654521742
2023-01-31,2024-01-31,5.215429462946882,5.827295050086729,5.056569489851638
2023-02-01,2024-02-01,4.9929671277125305,5.967368437973154,4.657610201747854
2023-02-02,2024-02-02,7.913848092488864,10.205450216061658,8.327686845916809
2023-02-03,2024-02-03,7.484549991956034,9.374092176557514,8.023082251584066
2023-02-04,2024-02-04,6.9623387227155655,8.536576509089372,7.273866371633886
2023-02-05,2024-02-05,9.019095912488945,9.87418412711983,9.341484855501191
2023-02-06,2024-02-06,8.168559138630034,9.78431745573769,8.732942583768564
2023-02-07,2024-02-07,8.658789647639036,11.23642020151463,9.564030878309715
2023-02-08,2024-02-08,8.738721126389933,11.368231097763744,9.654216019451354
2023-02-09,2024-02-09,10.564896379890149,12.243684852521575,10.643925382477734
2023-02-10,2024-02-10,16.460582630419648,17.705521933171863,16.130171902101402
2023-02-11,2024-02-11,11.968258139994228,14.130300565667632,11.555773019186812
2023-02-12,2024-02-12,5.792824745261756,6.988237006869212,5.725342096524919
2023-02-13,2024-02-13,5.997159429056026,7.292312076653961,5.782197584618958
2023-02-14,2024-02-14,5.9596037178843675,7.138366547311106,5.784106978803706
2023-02-15,2024-02-15,7.096612013697514,7.71480706915437,6.831629097701242
2023-02-16,2024-02-16,8.622520303963416,9.830725495768668,8.50578673783166
2023-02-17,2024-02-17,10.501269579541258,11.530691968763078,10.313952958050429
2023-02-18,2024-02-18,3.523812649773108,4.717568353494164,3.324641143296716
2023-02-19,2024-02-19,4.896023513824056,6.007787753061331,4.725153753036953
2023-02-20,2024-02-20,7.726165355940951,9.489520301691096,6.852184014859929
2023-02-21,2024-02-21,5.998724327874925,8.288102493740128,5.299672184569636
2023-02-22,2024-02-22,6.559063485914564,7.600510975692146,6.2159388441402905
2023-02-23,2024-02-23,6.002440099331774,7.369467073524896,5.54095295112348
2023-02-24,2024-02-24,6.232510935385321,7.423060839007732,5.742098395895865
2023-02-25,2024-02-25,6.623651822311182,7.868729809438793,6.070854367124089
2023-02-26,2024-02-26,6.850808662446836,9.435603380188226,5.857588736362874
2023-02-27,2024-02-27,7.604298555349603,8.63280935778843,7.397831503936568
2023-02-28,2024-02-28,7.837150348427658,8.295032095256884,7.386248689237583
2023-03-01,2024-02-29,9.200853027473531,10.198917851733325,8.938952020493087
2023-03-02,2024-03-01,6.531963993048001,7.53668855797989,6.205717196383067
2023-03-03,2024-03-02,7.398713073102469,8.123485464172418,7.034089588879181
2023-03-04,2024-03-03,6.4867505808835535,7.88081303451203,5.958836688580382
2023-03-05,2024-03-04,7.797092562123429,9.157884273806332,7.231439718531137
2023-03-06,2024-03-05,10.088358274111513,11.523878956256493,9.195106472105785
2023-03-07,2024-03-06,2.969623191511618,4.680046484299036,3.110878329462655
2023-03-08,2024-03-07,3.8825199562463673,5.319985201912797,4.024809324623202
2023-03-09,2024-03-08,5.368754500912025,6.634617882513912,5.326706563076479
2023-03-10,2024-03-09,7.086641508207214,8.657442991519085,7.2678447234400725
2023-03-11,2024-03-10,8.668013693363166,9.69731668821779,8.914374202370446
2023-03-12,2024-03-11,5.774987360183638,7.068260728610719,5.703824397479662
2023-03-13,2024-03-12,6.458583496613335,7.41716785075979,6.416303147633003
2023-03-14,2024-03-13,7.822571055889077,8.347318754920996,7.674635868195942
2023-03-15,2024-03-14,8.825509283944896,9.474096313521088,8.321304013088113
2023-03-16,2024-03-15,8.171410375064486,9.446215163935328,8.508828072221677
2023-03-17,2024-03-16,8.577270135352588,9.162982045697365,8.133634319891392
2023-03-18,2024-03-17,8.972724102477954,10.323938632368883,8.339186553214226
2023-03-19,2024-03-18,11.218878875464636,13.075867456969016,10.218918639565556
2023-03-20,2024-03-19,7.355431999988489,8.847101825978461,6.795349995346012
2023-03-21,2024-03-20,8.856681385331532,9.111100149689985,8.633216155495846
2023-03-22,2024-03-21,12.84878810959225,13.919497400204223,12.986781094283078
2023-03-23,2024-03-22,6.823801356245172,7.848814014998884,6.824740626721317
2023-03-24,2024-03-23,9.653248717744313,10.416160989045602,9.903845298836178
2023-03-25,2024-03-24,4.79509783933962,5.884038389708033,4.820586040602597
2023-03-26,2024-03-25,4.661325797192721,5.600941212654446,4.667098250815165
2023-03-27,2024-03-26,4.372593588893561,5.191129367108376,4.369876593093169
2023-03-28,2024-03-27,6.112187998635188,7.010182196029575,6.038683103598238
2023-03-29,2024-03-28,9.169918721674632,10.478505778301841,9.047671348965121
2023-03-30,2024-03-29,6.211224215635204,7.233460172425214,5.98187378896451
2023-03-31,2024-03-30,6.272273269578065,6.932347690705384,5.948676675420115
2023-04-01,2024-03-31,5.3379312366004195,6.748034896400219,5.32970621114642
2023-04-02,2024-04-01,7.379901230002015,8.244469296800881,7.618648377866452
2023-04-03,2024-04-02,8.314789958944031,8.374114452318905,8.452092649147882
2023-04-04,2024-04-03,7.377751403695543,9.12686670053382,7.819155617103228
2023-04-05,2024-04-04,10.34714546008008,12.565059823260665,11.645209852841115
2023-04-06,2024-04-05,10.742320642055489,12.822600466687435,12.035985085997432
2023-04-07,2024-04-06,10.658212426997876,12.27698788068046,11.878329864132464
2023-04-08,2024-04-07,8.119352065931256,8.49987159943937,8.44341952343673
2023-04-09,2024-04-08,9.344331018759913,10.645794929131313,9.080458520737986
2023-04-10,2024-04-09,13.862969264670749,15.456407566231917,12.919699251779809
2023-04-11,2024-04-10,9.349575686416566,10.70183054538604,8.675895818061719
2023-04-12,2024-04-11,11.768607918757882,12.616774130399806,10.898615726495228
2023-04-13,2024-04-12,5.59837793900959,6.8577248969415585,5.132560128599022
2023-04-14,2024-04-13,5.890383388682342,6.750554219630681,5.419345577120378
2023-04-15,2024-04-14,4.345862726243896,6.279109894859676,4.29476038008829
2023-04-16,2024-04-15,5.415085547875528,6.315809993238106,5.161341378217088
2023-04-17,2024-04-16,3.7088999367961923,6.219031684933128,3.8557209915188873
2023-04-18,2024-04-17,4.9852794788710595,7.29679603063641,5.173331413809377
2023-04-19,2024-04-18,5.303543127554087,7.287287674905359,5.524825777668842
2023-04-20,2024-04-19,5.763302300012411,7.352640519773369,5.763306937105016
2023-04-21,2024-04-20,7.601714579875003,9.067317243359597,7.790443591454214
2023-04-22,2024-04-21,6.913318040539393,8.972455143463275,6.285468918618823
2023-04-23,2024-04-22,6.937000557902485,8.200482350526823,6.425388288324517
2023-04-24,2024-04-23,6.0633365812998345,7.249819806849146,5.842214380611164
2023-04-25,2024-04-24,6.0708667190025825,7.560315073776847,5.705882304094669
2023-04-26,2024-04-25,7.799526166498042,8.910405639746749,7.462976595107194
2023-04-27,2024-04-26,5.388659949670723,6.164570166434886,5.110161874825066
2023-04-28,2024-04-27,8.080240088674794,10.199995921930636,7.191394228093702
2023-04-29,2024-04-28,5.897411332368634,7.302669196545957,5.34829732718532
2023-04-30,2024-04-29,7.047902178035035,8.290579182001428,6.548183584369077
2023-05-01,2024-04-30,7.851870806116894,8.75626798745877,7.209448967225414
2023-05-02,2024-05-01,8.195096887678456,9.229846767675458,7.449905947054727
2023-05-03,2024-05-02,8.404762708566775,9.101994217907523,7.5891252921951216
2023-05-04,2024-05-03,8.624922100363984,10.08816087414018,8.109074052490781
2023-05-05,2024-05-04,14.65328148456371,15.66225272995357,13.981622104416127
2023-05-06,2024-05-05,6.772818737589505,7.983047238004803,6.448299306450793
2023-05-07,2024-05-06,6.741801575434549,7.65765334719903,6.552385461595936
2023-05-08,2024-05-07,10.506036596750672,12.95032359098955,9.178602945237664
2023-05-09,2024-05-08,7.877554826623107,10.40035544324769,7.177650967871695
2023-05-10,2024-05-09,8.802384661340039,10.680076868661969,8.451699406314681
2023-05-11,2024-05-10,7.693552432329379,10.086214734565083,7.283964495164956
2023-05-12,2024-05-11,7.756951744800083,10.545829390652013,6.906605145539061
2023-05-13,2024-05-12,8.5808444280392,10.844044831045313,7.859004250463024
2023-05-14,2024-05-13,11.061968704645706,13.402204849506834,9.519629442043023
2023-05-15,2024-05-14,7.056372486700288,9.666399680811445,6.793356080500983
2023-05-16,2024-05-15,8.158304141328983,10.135282356315653,7.852607617260728
2023-05-17,2024-05-16,6.596482084056112,8.237292508702096,6.38635290256168
2023-05-18,2024-05-17,7.316026981152713,8.431559897311605,6.923181967101419
2023-05-19,2024-05-18,7.440613102915464,8.889497394404025,7.077780092670805
2023-05-20,2024-05-19,7.386946114815625,8.379319327115118,6.734914806661687
2023-05-21,2024-05-20,8.554689557754504,9.160386836581427,7.945406478400299
2023-05-22,2024-05-21,11.544210082837429,12.879232701582978,10.47723011010834
2023-05-23,2024-05-22,9.866539399028868,10.54653180599229,9.062409959153486
2023-05-24,2024-05-23,4.685968885134701,6.139362361843282,4.360551133731136
2023-05-25,2024-05-24,5.473837500596785,7.708539838127611,5.479992329718183
2023-05-26,2024-05-25,5.6306377471439175,7.598951556212964,5.669278634392237
2023-05-27,2024-05-26,8.274367710559403,10.684906741254226,8.682411115110867
2023-05-28,2024-05-27,6.495255574420552,8.057095122916731,6.651605954873623
2023-05-29,2024-05-28,7.3855612002769435,8.769867821353465,7.605331699990435
2023-05-30,2024-05-29,7.608043362517918,9.423689930819188,7.991719952352976
2023-05-31,2024-05-30,9.619847986879908,11.972861539379233,10.310200831116045
2023-06-01,2024-05-31,6.446645930221765,9.073726799396875,6.990553103131456
2023-06-02,2024-06-01,6.208733139563598,8.086895827897218,6.552921702267299
2023-06-03,2024-06-02,8.82234741342457,9.350507532478506,8.381581982294332
2023-06-04,2024-06-03,12.49030912530768,12.764338753129172,11.822486225403841
2023-06-05,2024-06-04,3.930303505608738,4.784179131773253,3.766662890290616
2023-06-06,2024-06-05,2.643042400201935,3.6551693806534056,2.501163106961861
2023-06-07,2024-06-06,2.9054369506742432,3.7022106773493295,2.763753756072776
2023-06-08,2024-06-07,3.361068033179592,3.915592091807381,3.195057170302347
2023-06-09,2024-06-08,2.611278602636353,3.1674401014385465,2.4566908145118393
2023-06-10,2024-06-09,3.1380089044842583,3.6566108790427796,3.0103655856913503
2023-06-11,2024-06-10,6.047683149506958,9.185629334934626,6.879174725470566
2023-06-12,2024-06-11,5.891465924683151,8.546941200157331,6.656969369835271
2023-06-13,2024-06-12,7.621533411683513,10.171639379867678,8.045945473509827
2023-06-14,2024-06-13,9.122876927578892,10.928281869434302,9.407957456534332
2023-06-15,2024-06-14,8.43456999399574,11.183311885487393,9.149139316753665
2023-06-16,2024-06-15,9.462959241465503,11.844650207660273,10.31973049684409
2023-06-17,2024-06-16,8.83048274622541,11.25024602168544,9.372263011033564
2023-06-18,2024-06-17,13.783308973361416,15.609091656114037,12.883489038661347
2023-06-19,2024-06-18,14.847420896045401,16.59611508771258,13.146436733759142
2023-06-20,2024-06-19,6.8523515639640005,8.159272321414925,6.388872990074232
2023-06-21,2024-06-20,8.14183360986122,9.670371520721698,8.244457318474776
2023-06-22,2024-06-21,7.884115120200115,8.797262971899672,7.850824470208208
2023-06-23,2024-06-22,6.284491824948688,7.395755638270526,5.863011456214944
2023-06-24,2024-06-23,6.051515170180961,8.34200436232539,5.357359669642757
2023-06-25,2024-06-24,5.470778276154381,7.249473876566588,4.954581666674614
2023-06-26,2024-06-25,10.619366888043478,11.749430999868824,10.687187492773566
2023-06-27,2024-06-26,7.827293278999607,9.298005473854765,7.3460115269918065
2023-06-28,2024-06-27,8.81736712683438,10.109801698767729,8.534966862356294
2023-06-29,2024-06-28,6.626137639365153,8.814505532750093,6.179534057490059
2023-06-30,2024-06-29,7.334661656767338,9.130927573328545,6.804413581322671
2023-07-01,2024-06-30,8.337159453448143,9.90638367262979,7.704965247376225
2023-07-02,2024-07-01,10.5472663684408,11.783054202792435,9.757856381384869
2023-07-03,2024-07-02,14.706067616488026,15.475327025352145,13.550763822409042
2023-07-04,2024-07-03,2.2847220358208835,3.5343928093377572,2.222198354367887
2023-07-05,2024-07-04,3.182899812375443,4.195517030954178,3.0710807103897566
2023-07-06,2024-07-05,2.4554227374749757,3.7204633177450406,2.3386065936452822
2023-07-07,2024-07-06,2.7235995483477455,3.8299957254865,2.602825870225656
2023-07-08,2024-07-07,4.935480125364454,6.976483460887891,5.085610995527928
2023-07-09,2024-07-08,5.810103607065819,7.484977891515158,5.992758771985366
2023-07-10,2024-07-09,5.942113090305412,7.509148373349816,6.102415122677607
2023-07-11,2024-07-10,5.78786950690736,6.579871786658866,5.6619906642319116
2023-07-12,2024-07-11,4.415659595448763,6.692006352626298,4.621806663269674
2023-07-13,2024-07-12,5.744464746237351,8.099937433684566,5.972654585152512
2023-07-14,2024-07-13,5.519463748361035,7.739152008036399,5.813967249104747
2023-07-15,2024-07-14,5.135886818108436,6.347019517579973,4.7730337495393504
2023-07-16,2024-07-15,5.5873115301245475,6.518581722564011,5.256800886232243
2023-07-17,2024-07-16,3.563153417611411,4.719442272455209,3.4831238969451874
2023-07-18,2024-07-17,6.014031876875945,6.517956998878666,5.927836089181461
2023-07-19,2024-07-18,7.383405191169808,7.70519285194363,7.339103552392415
2023-07-20,2024-07-19,5.244199559117362,5.8857660661701505,5.169478337737083
2023-07-21,2024-07-20,5.693494059304301,7.467957841492373,5.332818037385652
2023-07-22,2024-07-21,6.320269741511519,8.138370491974703,6.002466371694164
2023-07-23,2024-07-22,6.814000468152959,9.440601901272439,6.255869257329826
2023-07-24,2024-07-23,7.212358533997586,9.282963562266426,6.556764311459011
2023-07-25,2024-07-24,5.026738498150995,6.311267522153336,5.052866758655479
2023-07-26,2024-07-25,5.017186528312698,6.039492198211,4.897909672108992
2023-07-27,2024-07-26,4.812868876999856,6.0117077166913075,4.749432651823699
2023-07-28,2024-07-27,6.666734745346945,7.803880573665421,6.729950825315642
2023-07-29,2024-07-28,2.9018257441293094,3.839352603274741,2.834328865044131
2023-07-30,2024-07-29,6.668608375177387,7.706491656242482,6.863026813393558
2023-07-31,2024-07-30,5.574848737537906,7.398712661531038,5.914947297134345
2023-08-01,2024-07-31,4.952640099985255,8.238913393629824,5.467694286686581
2023-08-02,2024-08-01,7.0743034091459025,9.839377671427302,7.708112481507068
2023-08-03,2024-08-02,6.760290481099899,9.402433970700589,7.359994657291245
2023-08-04,2024-08-03,5.654026741854905,8.209282601183656,6.216166883194609
2023-08-05,2024-08-04,6.729067606185656,8.709345876022676,7.366026652089371
2023-08-06,2024-08-05,7.391121500389305,8.60460526471174,7.369949975321874
2023-08-07,2024-08-06,6.20843326040987,7.438797873949622,6.018203346868741
2023-08-08,2024-08-07,5.591521071932574,6.785885010745255,5.227135816510117
2023-08-09,2024-08-08,6.073012637552807,6.92957504105376,5.7777421677846235
2023-08-10,2024-08-09,7.4631398417651225,9.013703503296412,7.410955901817083
2023-08-11,2024-08-10,8.122208200674937,9.122380279099495,7.96320610959467
2023-08-12,2024-08-11,7.881600353761848,8.668974219726778,7.755340838442251
2023-08-13,2024-08-12,8.33726799098699,8.82351369495311,8.253810961898097
2023-08-14,2024-08-13,6.869311626160321,8.895310974772343,6.474872236632402
2023-08-15,2024-08-14,6.494442097019722,6.926829801222919,6.723339992580299
2023-08-16,2024-08-15,8.159480224042325,9.31759103362914,7.841321692418276
2023-08-17,2024-08-16,10.225981997786302,11.555995172927798,9.604288927832465
2023-08-18,2024-08-17,7.384659779112202,8.823118636393694,7.662116345432433
2023-08-19,2024-08-18,7.872265847637037,9.686811629297786,7.591580677165778
2023-08-20,2024-08-19,8.946710140167614,10.098072590241822,8.859687976285732
2023-08-21,2024-08-20,8.445056980895995,9.59627104697016,8.585320408663362
2023-08-22,2024-08-21,9.194286821074078,11.009265238692983,9.696975908650476
2023-08-23,2024-08-22,14.747276815482005,16.080309851646085,15.746337272876696
2023-08-24,2024-08-23,13.440609725875222,14.567625376561532,14.26718185917149
2023-08-25,2024-08-24,6.181621798469897,8.064947268205954,6.174706632549011
2023-08-26,2024-08-25,6.275435156469712,8.534554122866002,6.197325995531227
2023-08-27,2024-08-26,8.132349716702167,10.591289006237542,7.833660869348255
2023-08-28,2024-08-27,7.587466258948,10.001902615367703,7.0713128196561
2023-08-29,2024-08-28,6.676459739248391,8.727327679623542,6.219214255351532
2023-08-30,2024-08-29,8.133601482493345,9.838356643647613,7.580878762853151
2023-08-31,2024-08-30,6.102503039327108,7.71602203124227,6.44245570913049
2023-09-01,2024-08-31,6.184556451158916,7.558040034963558,6.526930519804199
2023-09-02,2024-09-01,6.2066873258484305,7.18999801921007,6.468400092141173
2023-09-03,2024-09-02,6.57284496019895,7.611293926184276,6.533991967682456
2023-09-04,2024-09-03,6.651745005323493,7.5265394484937005,6.8196311942297525
2023-09-05,2024-09-04,7.788692527265937,9.627956302318594,8.504049886572947
2023-09-06,2024-09-05,8.498474987775923,10.052621197736203,9.18817873772855
2023-09-07,2024-09-06,6.463007397450633,7.423467703641262,6.518529730895521
2023-09-08,2024-09-07,6.730800495017244,7.728958523448725,6.674373509214231
2023-09-09,2024-09-08,8.11651427647987,9.351583831581465,7.7604724791673645
2023-09-10,2024-09-09,10.144186669191416,11.664178447436852,9.572049625085187
2023-09-11,2024-09-10,6.873007511662623,8.534141636550888,6.511617968285434
2023-09-12,2024-09-11,6.241685435333155,7.352567642826382,6.583990687476635
2023-09-13,2024-09-12,7.939153528418966,9.68359327151885,8.557263781426318
2023-09-14,2024-09-13,5.431067849557662,7.057845978483341,5.870688870303907
2023-09-15,2024-09-14,5.598555820421582,6.51825640553044,5.674388454923078
2023-09-16,2024-09-15,7.302126690720241,7.804088901841908,7.059787790364466
2023-09-17,2024-09-16,10.453856848074707,11.042870390551625,9.787815310326573
2023-09-18,2024-09-17,5.216527761570213,5.9641357929995715,4.892150342385747
2023-09-19,2024-09-18,4.2057057635993464,5.024982602143042,4.0298918962165535
2023-09-20,2024-09-19,6.077137791892516,6.828493545647448,5.981850625941936
2023-09-21,2024-09-20,7.626626713383735,8.601168731987826,7.557907885621273
2023-09-22,2024-09-21,5.887827739060177,6.506462276489261,5.714597630363955
2023-09-23,2024-09-22,7.310215214922063,7.952956852532625,7.348847594145888
2023-09-24,2024-09-23,6.549594663817492,7.2276852110315195,6.3752207590086165
2023-09-25,2024-09-24,7.059153463311519,8.210402018954074,6.757598580417895
2023-09-26,2024-09-25,7.396713613441839,8.19067346666346,7.1245062972038555
2023-09-27,2024-09-26,9.491990608622858,10.096927121464876,8.961090918414095
2023-09-28,2024-09-27,5.185542976846542,6.229136098603878,5.12497544897773
2023-09-29,2024-09-28,7.033278504499394,8.978926169723527,7.188205864261532
2023-09-30,2024-09-29,4.960858257800136,5.997825704701085,4.841361652422122
2023-10-01,2024-09-30,5.684300412741245,6.3990063215333395,5.7000830901303585
2023-10-02,2024-10-01,5.497239764212935,6.215331360475578,5.446689073464479
2023-10-03,2024-10-02,6.377192361895319,7.8487177450916015,6.608583472066035
2023-10-04,2024-10-03,8.872485360227566,10.029470424872287,9.179714462305103
2023-10-05,2024-10-04,7.311559150647101,8.286924062018345,7.510587894481764
2023-10-06,2024-10-05,5.583407591742786,6.769678958667196,5.2859466991436905
2023-10-07,2024-10-06,7.503246791705242,9.135121912973668,6.961735286325902
2023-10-08,2024-10-07,9.533329782131274,10.69089583305559,8.91225885614491
2023-10-09,2024-10-08,6.588563648864029,7.6492187829132465,6.188724869060793
2023-10-10,2024-10-09,7.465323932331279,8.979971081317265,6.833471913659814
2023-10-11,2024-10-10,8.050452439389446,9.78356354713169,7.283908326590494
2023-10-12,2024-10-11,7.556907482774493,8.959976876797002,7.088928569869416
2023-10-13,2024-10-12,7.635613469921403,9.126393869346156,6.957259307526837
2023-10-14,2024-10-13,7.156181670078486,8.728029179980657,6.614879535424844
2023-10-15,2024-10-14,8.312302672254264,9.596335910321097,7.851000373656825
2023-10-16,2024-10-15,11.612455954480604,14.017201205390247,9.975432475297287
2023-10-17,2024-10-16,7.174597313609563,8.880907151530693,6.731502745338065
2023-10-18,2024-10-17,7.029998497952014,8.752924927503786,6.539660018347733
2023-10-19,2024-10-18,7.503218998671746,8.857454157788755,6.712684785251903
2023-10-20,2024-10-19,5.749271784492101,7.808945346902385,5.319740186020556
2023-10-21,2024-10-20,6.764640240640746,8.349722468923227,6.345947073724509
2023-10-22,2024-10-21,6.297400618319336,8.3076770598581,5.499034454700108
2023-10-23,2024-10-22,8.14021348732963,9.287097000026206,7.845459278426705
2023-10-24,2024-10-23,4.114377947651763,4.873193431927511,4.029244725392048
2023-10-25,2024-10-24,5.598467989930159,6.486995029555159,5.484223435988947
2023-10-26,2024-10-25,4.969887732854525,5.9575285664419075,4.885061500109074
2023-10-27,2024-10-26,6.7857250266454185,8.101083488833675,6.602841451433409
2023-10-28,2024-10-27,5.451971371501803,6.521127328479804,5.44966349937318
2023-10-29,2024-10-28,4.376187865542142,5.20692858811246,4.370980624209297
2023-10-30,2024-10-29,5.921376686995639,6.778536690095377,5.614171640168774
2023-10-31,2024-10-30,7.163257489834379,7.603736340990952,6.782612896453097
2023-11-01,2024-10-31,6.942013745227241,7.313694121372697,6.578306001461022
2023-11-02,2024-11-01,5.57696060155209,6.743395038361084,5.257252551413122
2023-11-03,2024-11-02,9.632811749262178,10.536915579890735,8.760614056346835
2023-11-04,2024-11-03,12.68886814128524,13.21510290949019,11.561015937346518
2023-11-05,2024-11-04,9.668747417306154,10.353222543723943,8.759075451364437
2023-11-06,2024-11-05,4.252738951631203,5.111939844278059,3.9072567632594883
2023-11-07,2024-11-06,3.9970049818640354,4.670129322081179,3.6256052939716574
2023-11-08,2024-11-07,5.808515583660063,7.050185206095017,5.515891686178152
2023-11-09,2024-11-08,6.150352066444526,7.018679552425169,5.8662050022384555
2023-11-10,2024-11-09,7.41514622608262,9.073559469641701,7.123111911900333
2023-11-11,2024-11-10,9.601723403551015,11.48283399699121,9.710068114035163
2023-11-12,2024-11-11,8.831598804017984,10.15301539992137,9.084383537243058
2023-11-13,2024-11-12,7.806866063786846,8.48274580874055,7.9010908287966375
2023-11-14,2024-11-13,9.414805246142587,10.79473169924894,9.711492729226622
2023-11-15,2024-11-14,5.571743691804893,6.5420423994170225,5.687062501449694
2023-11-16,2024-11-15,6.274746049392293,6.975783007594843,6.272223269999346
2023-11-17,2024-11-16,6.844100669027319,7.751606540303028,6.951565567372151
2023-11-18,2024-11-17,5.695428904357739,6.495004694890579,5.559661867296902
2023-11-19,2024-11-18,8.073277985314274,8.874942843434678,7.873126421457109
2023-11-20,2024-11-19,11.516813089185447,12.281555997665174,10.836807428311786
2023-11-21,2024-11-20,8.030797814477609,9.126362507027537,7.487113692920988
2023-11-22,2024-11-21,4.184644154214581,5.488090142209839,3.819693096421682
2023-11-23,2024-11-22,5.464510864056815,6.031209033590754,5.403163402045197
2023-11-24,2024-11-23,4.390781352614577,5.684279662838062,4.294817141955817
2023-11-25,2024-11-24,5.295484891299361,6.414968237931707,5.0338880820241645
2023-11-26,2024-11-25,6.142642736491396,6.871345655411648,5.986850342153036
2023-11-27,2024-11-26,7.205009693935803,8.498927220215604,7.4353278172231345
2023-11-28,2024-11-27,6.923142803356886,7.9691488301461,7.143168071572525
2023-11-29,2024-11-28,7.639388781337361,9.104782555040215,7.438355760551348
2023-11-30,2024-11-29,9.336595965420226,11.176891180033678,8.533380562116118
2023-12-01,2024-11-30,11.976542365652106,13.919488788297222,10.77690231287509
2023-12-02,2024-12-01,7.110717692375711,8.67753395053427,6.452397432209789
2023-12-03,2024-12-02,8.508106842200243,10.623795241516953,7.58607946372272
2023-12-04,2024-12-03,6.807693427082644,8.900361913150213,6.046263246255154
2023-12-05,2024-12-04,8.893186547516082,10.604641595442622,7.859648060169065
2023-12-06,2024-12-05,6.83075044252153,8.012329136501288,6.301829755702518
2023-12-07,2024-12-06,8.43648536149311,9.592015402488137,7.841873675061628
2023-12-08,2024-12-07,8.699547110386943,9.397225319204384,8.188264510091264
2023-12-09,2024-12-08,8.676594458948006,9.040564299216896,8.236418132202582
2023-12-10,2024-12-09,6.107806057701274,6.77855627488323,5.720280077600702
2023-12-11,2024-12-10,3.4326148105016836,5.540912124424621,3.114594685016196
2023-12-12,2024-12-11,6.7182730866657305,7.3387510792878095,6.339756663730932
2023-12-13,2024-12-12,5.6063077637549315,6.502461925752366,5.237074465130005
2023-12-14,2024-12-13,6.426569621840043,6.891489726387108,6.057280200629435
2023-12-15,2024-12-14,3.3693367196501214,6.05567887272961,2.968453080717013
2023-12-16,2024-12-15,3.6926412709664374,6.823973652960938,3.211680758250817
2023-12-17,2024-12-16,5.431067240120904,8.240932041204099,5.2473843579241
2023-12-18,2024-12-17,5.644233007304065,8.453275338798207,5.434189078740919
2023-12-19,2024-12-18,9.930767586266573,11.273826831312954,10.361648893998094
2023-12-20,2024-12-19,6.587799954531939,8.581195113889047,7.058113991774224
2023-12-21,2024-12-20,7.378404964026373,8.958610914527187,7.271843034525719
2023-12-22,2024-12-21,7.164308139222533,9.0996711829882,6.865884437174295
2023-12-23,2024-12-22,7.799234902823841,9.90508891361377,7.347655069988587
2023-12-24,2024-12-23,11.491951564513906,13.58354750895871,10.502124444986736
2023-12-25,2024-12-24,7.193358533604069,9.403422495706744,6.468392289323681
2023-12-26,2024-12-25,6.905608153158012,9.231255676639696,6.207630070534109
2023-12-27,2024-12-26,7.352107799001304,8.948826415180054,6.808306376216114
2023-12-28,2024-12-27,7.816071165366698,9.121369158396318,7.8910358404921475
2023-12-29,2024-12-28,6.26738996718253,7.777126418875996,6.154546816328848
2023-12-30,2024-12-29,6.568673890716462,7.798173107145176,6.443162541086274
2023-12-31,2024-12-30,8.67522538985668,10.242565361163761,7.873601306880176
2024-01-01,2024-12-31,7.383094585585046,8.833214464941172,6.645470558873496
2024-01-02,2025-01-01,10.855667589161715,11.950271308919726,9.622934766809468
2024-01-03,2025-01-02,3.21826348865122,4.215156866602513,2.9251458409958015
2024-01-04,2025-01-03,4.5356997356147435,5.538678701281811,4.2106975965363755
2024-01-05,2025-01-04,7.159623427835007,8.695924245602164,6.8436554299905445
2024-01-06,2025-01-05,5.577573744147338,6.695215252225035,5.278862685670244
2024-01-07,2025-01-06,9.143188616582538,11.755226795139489,9.688596770504871
2024-01-08,2025-01-07,12.115112144360781,14.576011952804604,12.53674983970022
2024-01-09,2025-01-08,16.21403675245694,18.332988220512206,16.7445527274287
2024-01-10,2025-01-09,15.718564792793545,17.446430099870973,16.205403011030032
2024-01-11,2025-01-10,9.599355728274078,12.36649979256782,10.079188313282271
2024-01-12,2025-01-11,6.9419924076773425,8.973231487672871,7.237093333158606
2024-01-13,2025-01-12,7.245116715504573,8.939618734436676,7.496704610710599
2024-01-14,2025-01-13,10.856253202676259,12.046902099677748,10.41968731607945
2024-01-15,2025-01-14,15.843746173987002,17.19507907546666,14.49112337325132
2024-01-16,2025-01-15,13.422040019464607,14.935738731525262,12.002336962728117
2024-01-17,2025-01-16,7.965595370819857,9.310915220071665,7.450365909628277
2024-01-18,2025-01-17,7.785698620334415,9.178479777229207,7.703702536506599
2024-01-19,2025-01-18,7.893154711516059,9.159581782834398,7.68587138871788
2024-01-20,2025-01-19,8.561032892124413,9.392954019286774,8.273408629776643
2024-01-21,2025-01-20,9.460363097906471,10.536449166070733,8.726744348397865
2024-01-22,2025-01-21,10.318497223086421,13.116210931249913,10.643528236236659
2024-01-23,2025-01-22,14.396745296831233,17.148450536207218,15.208284240546934
2024-01-24,2025-01-23,7.5960177203560955,9.639353090969548,7.749761944516551
2024-01-25,2025-01-24,8.755224536187935,11.53299427739875,9.271016185178684
2024-01-26,2025-01-25,9.65729452565606,12.446525195651317,10.166964917560502
2024-01-27,2025-01-26,8.630383586573355,11.320205353489413,9.08989674003134
2024-01-28,2025-01-27,8.17023964206876,8.965935324029822,8.30116550676447
2024-01-29,2025-01-28,13.84766161425843,14.935073088660474,13.547993959521076
2024-01-30,2025-01-29,20.255295961865432,21.96826435446927,18.868739956091922
2024-01-31,2025-01-30,16.617733055973982,18.853536582779206,14.7373548462588
2024-02-01,2025-01-31,10.268646714501745,13.37836287989259,8.742270840714212
2024-02-02,2025-02-01,9.200573816431474,12.14839631930217,7.852523051863058
2024-02-03,2025-02-02,9.824618268805494,12.49678055735046,8.448176648150554
2024-02-04,2025-02-03,8.979128305344542,11.689304902555367,7.704192145827508
2024-02-05,2025-02-04,7.768676174934656,10.1622079943532,6.696164706372971
2024-02-06,2025-02-05,9.037652347955683,10.468636757078718,8.504993338527568
2024-02-07,2025-02-06,12.421928748207934,13.441958460877878,11.574610133790193
2024-02-08,2025-02-07,9.081174023195528,10.347164525737476,8.59296763235007
2024-02-09,2025-02-08,5.649273949999503,6.3889421037505985,5.203318964044755
2024-02-10,2025-02-09,6.593097371567469,7.928810995623368,5.6399303887919405
2024-02-11,2025-02-10,7.629061327631155,8.537646197634004,6.55443183302999
2024-02-12,2025-02-11,5.653896077736879,6.6593726231404995,5.049107874828268
2024-02-13,2025-02-12,6.647569985180725,7.9302009344268,6.0891895232766915
2024-02-14,2025-02-13,6.091684198306491,7.336497381521679,5.647797037521653
2024-02-15,2025-02-14,5.90525180900252,6.442181554693849,5.471701467337274
2024-02-16,2025-02-15,7.975015765788025,9.084679298018745,7.482757271212646
2024-02-17,2025-02-16,3.8786550977792325,4.258021504001048,3.4802754209863105
2024-02-18,2025-02-17,6.6498882618509345,8.153618562435794,6.461943159868724
2024-02-19,2025-02-18,4.898707031108025,6.376121812833514,4.681437257002018
2024-02-20,2025-02-19,5.572136172590329,7.421346669447449,5.554379386095911
2024-02-21,2025-02-20,4.962227137540792,6.610198780924806,4.783796732298142
2024-02-22,2025-02-21,5.692917734243423,6.890728373586392,5.4029359644565
2024-02-23,2025-02-22,6.244538394029111,7.144181382786939,5.913470384176501
2024-02-24,2025-02-23,6.877313302064375,8.092487268839609,6.857471595020742
2024-02-25,2025-02-24,7.7624273013752925,8.932133019550607,7.08591233838035
2024-02-26,2025-02-25,5.036564231496263,6.368255070855374,4.806266479048671
2024-02-27,2025-02-26,5.772130919366808,6.724736064071039,5.505175484213921
2024-02-28,2025-02-27,6.622622810094133,8.83164396123154,6.5534075744717715
2024-02-29,2025-02-28,7.787804952393259,9.420553128504073,7.72698844259927
2024-03-01,2025-03-01,6.633635104972423,7.568647595223463,6.642795387440447
2024-03-02,2025-03-02,5.209984107099645,6.905083673247031,4.909132902794426
2024-03-03,2025-03-03,4.96331876475629,6.226480990231029,4.774432805212778
2024-03-04,2025-03-04,6.724876791744031,8.029131637844392,6.129399794479571
2024-03-05,2025-03-05,6.044476619859838,6.977745586488288,5.965181933236193
2024-03-06,2025-03-06,7.2898744697483,8.440523994476143,7.47540275096764
2024-03-07,2025-03-07,6.0254888920325005,7.406718661325169,5.860333402962868
2024-03-08,2025-03-08,8.519712596116713,9.911643406659408,7.697266745597764
2024-03-09,2025-03-09,8.151857690382268,9.427788513107796,7.3848355768022875
2024-03-10,2025-03-10,10.081870733834991,11.3717127331902,9.134543077905326
2024-03-11,2025-03-11,5.65807443493575,6.703805599143352,5.509822860714658
2024-03-12,2025-03-12,5.533677982456581,6.844878587948069,5.421606877387727
2024-03-13,2025-03-13,6.119149433466755,7.061856981992985,5.999505851917897
2024-03-14,2025-03-14,10.481422904456577,12.536855101927074,10.8211442292623
2024-03-15,2025-03-15,12.382033107542252,13.631944451221631,12.743698054289624
2024-03-16,2025-03-16,8.563868651966754,10.222504323912846,8.891906703845539
2024-03-17,2025-03-17,4.540510552859664,5.623219502629318,4.570004968963255
2024-03-18,2025-03-18,4.777112964915125,5.683085992354573,4.783864749149934
2024-03-19,2025-03-19,4.858090836229605,6.1487789584658,4.9838164015435105
2024-03-20,2025-03-20,5.841705539027477,7.0535254022003295,5.914272676454836
2024-03-21,2025-03-21,8.130579489575059,10.535687840383325,7.671548325420566
2024-03-22,2025-03-22,8.384103530027176,10.222452673870869,7.924140918138585
2024-03-23,2025-03-23,6.194203799510463,8.269788215937206,5.750921607412381
2024-03-24,2025-03-24,7.18117834183049,8.66957370908008,6.8924195899148
2024-03-25,2025-03-25,8.082623206277495,10.038278182071414,7.732458299034153
2024-03-26,2025-03-26,8.262445446498464,10.6653476178561,7.418272753703002
2024-03-27,2025-03-27,9.001871016650169,9.738681988329626,8.56794711781689
2024-03-28,2025-03-28,10.323534119753688,11.876067919384454,10.558008866918382
2024-03-29,2025-03-29,9.01580072051228,9.841798144781865,8.817989387453782
2024-03-30,2025-03-30,8.243165189075857,10.077220185530631,7.5767526827126535
2024-03-31,2025-03-31,10.996893843093343,13.54175312148525,9.544586242158273
2024-04-01,2025-04-01,13.48542646467649,15.034628972765606,11.534199969220667
2024-04-02,2025-04-02,5.317880104532711,5.449698058405214,4.890821045458073
2024-04-03,2025-04-03,7.156005504352401,9.688855776223463,7.336305989761124
2024-04-04,2025-04-04,6.907635454191687,7.983722712715277,6.791662501444809
2024-04-05,2025-04-05,7.822135093979521,9.604002209873132,7.93614756664776
2024-04-06,2025-04-06,5.711635176143444,7.123281785702036,5.567641432400921
2024-04-07,2025-04-07,6.013340487944967,7.2322740752315,5.863365068199793
2024-04-08,2025-04-08,7.141754514332457,8.548662797473206,7.190288481579789
2024-04-09,2025-04-09,9.012402940369,10.585828964220353,9.209579139493984
2024-04-10,2025-04-10,5.55670234663578,7.0672687774713046,5.116301875886399
2024-04-11,2025-04-11,6.598942831828877,7.868893889157296,6.0434712188048065
2024-04-12,2025-04-12,6.740638441696908,7.686404366889876,6.282608561066566
2024-04-13,2025-04-13,4.455253318667666,5.762821558827519,4.170676426904234
2024-04-14,2025-04-14,6.353019312237772,7.876745731399494,5.798842680598608
2024-04-15,2025-04-15,4.832413866506196,6.656198846597188,4.316043474960255
2024-04-16,2025-04-16,5.9303173499755975,7.391639748555628,5.279480494650381
2024-04-17,2025-04-17,7.250574856426466,8.578813872223854,6.678611771809771
2024-04-18,2025-04-18,5.777604600340378,7.097453690421083,5.23132041934922
2024-04-19,2025-04-19,4.684036110794117,6.31135485540768,4.150457276620996
2024-04-20,2025-04-20,6.2813721684585095,8.331071088167915,6.020956894745907
2024-04-21,2025-04-21,6.313424919754634,7.356736567252027,5.918067073470504
2024-04-22,2025-04-22,8.898224284477367,9.735203932182019,8.16383939656888
2024-04-23,2025-04-23,4.758420532518122,6.63552851779919,4.745030750691776
2024-04-24,2025-04-24,5.952272833661433,7.417487211158584,5.976621256584681
2024-04-25,2025-04-25,6.299669370952468,7.829130874760558,6.448946843608081
2024-04-26,2025-04-26,6.684617925756407,7.810197634137813,6.669040678494796
2024-04-27,2025-04-27,6.01048660529999,7.6668731523759055,5.463881938950761
2024-04-28,2025-04-28,6.0914735834993206,7.469550430071721,5.598698362875163
2024-04-29,2025-04-29,5.505179615236488,6.231717861580994,5.2458440141594
2024-04-30,2025-04-30,7.659186788785312,8.247183675869136,7.669820125605183
2024-05-01,2025-05-01,5.038983230306349,6.39962854036143,4.627177848369061
2024-05-02,2025-05-02,5.875235084579379,7.014241728734681,5.344375488098577
2024-05-03,2025-05-03,7.874431997101676,9.294702177636772,7.07872982654823
2024-05-04,2025-05-04,8.003794365789167,8.851605756229517,7.24843227374348
2024-05-05,2025-05-05,10.522504473280192,11.715850904991067,9.388184519016125
2024-05-06,2025-05-06,5.7988016453528815,6.906575222856377,5.36251251868476
2024-05-07,2025-05-07,7.841426368876414,9.123998035123819,6.859638446159531
2024-05-08,2025-05-08,6.951142349976901,8.113388793011783,6.489949561234772
2024-05-09,2025-05-09,8.570055311219718,9.259417276127747,8.124190725139217
2024-05-10,2025-05-10,10.576177790618091,11.659727718518946,10.229809369401469
2024-05-11,2025-05-11,9.902986041407727,10.602697363546774,9.5644545571563
2024-05-12,2025-05-12,10.004327439401303,11.140018105685737,10.060979698633137
2024-05-13,2025-05-13,7.974242218531665,9.535696203327564,7.2519998308319
2024-05-14,2025-05-14,8.834091140471203,10.490067126925034,9.152755538524767
2024-05-15,2025-05-15,6.368224094423591,8.120462877139524,6.334325934941538
2024-05-16,2025-05-16,6.429688948050014,7.939472328921525,6.1043910543284285
2024-05-17,2025-05-17,6.254023310942567,7.743211024936112,6.01299413009684
2024-05-18,2025-05-18,7.735011366474595,8.684658027723009,7.2746198527784385
2024-05-19,2025-05-19,12.401284893526077,12.830718571158457,11.39643159187792
2024-05-20,2025-05-20,3.6384124972977907,4.468369044359101,3.305489566240674
2024-05-21,2025-05-21,5.252453421990343,6.639786103992402,5.018090670634371
2024-05-22,2025-05-22,5.4087160453907694,6.650128978921901,5.166714529918099
2024-05-23,2025-05-23,2.7475211077768864,4.340228318374827,2.5650423583037303
2024-05-24,2025-05-24,3.0086142041530315,4.37609354560105,2.8096074594344906
2024-05-25,2025-05-25,3.806545428496309,4.988739537553025,3.6409977952812476
2024-05-26,2025-05-26,5.6418063311986755,7.168709089364832,5.794571519855664
2024-05-27,2025-05-27,5.78769331811006,6.283419160424805,5.710052889151865
2024-05-28,2025-05-28,8.368185220564744,9.43700373202514,7.8285315163560405
2024-05-29,2025-05-29,6.294145971738057,7.436331939734442,6.1138462009156775
2024-05-30,2025-05-30,6.308106330240185,7.39081084713132,6.24744724079212
2024-05-31,2025-05-31,7.7088143455872995,9.32648925676351,8.074481250655495
2024-06-01,2025-06-01,7.278217508244351,8.614597503728108,7.389439253390299
2024-06-02,2025-06-02,9.194196404564495,10.386053156314302,8.794028150900116
2024-06-03,2025-06-03,8.403905246532867,9.92046981504087,8.06100609431419
2024-06-04,2025-06-04,9.317706065947961,12.796674449085199,9.205684540785255
2024-06-05,2025-06-05,8.036195274047092,11.900493522940545,7.8971478229318395
2024-06-06,2025-06-06,8.724360302647577,12.070619784529429,8.51739090084529
2024-06-07,2025-06-07,10.339882742689246,11.620486629148875,9.569022782205847
2024-06-08,2025-06-08,8.237887022917125,10.00461889370515,7.485903674245862
2024-06-09,2025-06-09,9.082652472102863,10.814376864859206,8.208805156440217
2024-06-10,2025-06-10,16.253913832837675,17.862900400467886,14.554937087335574
2024-06-11,2025-06-11,12.809025155486946,14.448737553030815,11.297255925104587
2024-06-12,2025-06-12,8.61533413178995,9.981360341487946,7.564605785434895
2024-06-13,2025-06-13,5.826900875435314,7.154319207437569,5.436982911597125
2024-06-14,2025-06-14,8.927851356277973,10.185688023421301,8.757857171806801
2024-06-15,2025-06-15,6.802564175849462,8.46519035512221,6.694286180479433
2024-06-16,2025-06-16,7.018827444715931,7.723079320265993,6.479717560210317
2024-06-17,2025-06-17,6.939030848355078,8.770228897112618,7.01258077536056
2024-06-18,2025-06-18,7.709125590724235,9.630927585124859,7.757573898828395
2024-06-19,2025-06-19,7.622487468125162,9.382277357861069,7.6534852187003635
2024-06-20,2025-06-20,6.542042664986608,8.010831964014143,6.56080633072387
2024-06-21,2025-06-21,8.013073875070626,8.658936962447793,7.3393685202364
2024-06-22,2025-06-22,10.401125968062203,11.827773152861244,9.319542254276843
2024-06-23,2025-06-23,10.787826037199356,11.733031347884552,9.817918443184814
2024-06-24,2025-06-24,9.71264582751065,10.097108262554494,9.145853629348155
2024-06-25,2025-06-25,8.21207723019746,10.066519613520052,8.580246802435095
2024-06-26,2025-06-26,8.828792574617083,11.703942153906945,9.426743425189397
2024-06-27,2025-06-27,8.612022617352723,10.98222948172898,9.142425684318685
2024-06-28,2025-06-28,12.006615575926649,14.25543886999275,12.674976414296966
2024-06-29,2025-06-29,6.605099337396092,6.993783162414717,6.399039149015398
2024-06-30,2025-06-30,7.891789847652865,9.209142827464701,7.452244360477415
2024-07-01,2025-07-01,7.583653235108296,8.307046785703799,7.477319938445473
2024-07-02,2025-07-02,10.105911664246998,11.1622904525197,9.428011508784591
2024-07-03,2025-07-03,6.711667589911918,8.795289574565096,6.878350174948242
2024-07-04,2025-07-04,6.667467470261546,8.676735714268181,6.793265057371918
2024-07-05,2025-07-05,8.785920237681802,9.808187244424374,8.342726745347706
2024-07-06,2025-07-06,8.081203908648584,9.555092359539513,8.149892290150133
2024-07-07,2025-07-07,10.502105422414731,11.448753096278944,9.670895853242776
2024-07-08,2025-07-08,7.164795079973483,8.816712947930045,7.376822420722706
2024-07-09,2025-07-09,8.05220900289149,10.629964110129887,8.701663562729275
2024-07-10,2025-07-10,7.375300857573133,9.919465729439693,8.019683884144438
2024-07-11,2025-07-11,7.281609406604953,9.758520286098275,7.990166676954005
2024-07-12,2025-07-12,8.16741953888916,10.023908200708826,8.876575170196785
2024-07-13,2025-07-13,5.759670003840573,7.026249652582603,5.872365930019823
2024-07-14,2025-07-14,8.71953169964333,9.980735993363044,8.307333550167252
2024-07-15,2025-07-15,7.0479146146937826,8.252202598209788,6.713700253412528
2024-07-16,2025-07-16,3.8920557477060425,4.750448185712005,3.773239401560379
2024-07-17,2025-07-17,5.612163728741714,6.173328034508653,5.5288558860250845
2024-07-18,2025-07-18,5.375335960497389,7.1996229732071955,5.086972955816849
2024-07-19,2025-07-19,7.436283602555434,9.470132040637822,6.92807619000404
2024-07-20,2025-07-20,6.779492706697336,8.133711734725727,6.52709160155865
2024-07-21,2025-07-21,8.86493495852545,9.88473142463798,9.041896601435953
2024-07-22,2025-07-22,9.93672909541368,10.828119517163028,9.948629856604068
2024-07-23,2025-07-23,11.379052995589673,11.704932265253653,11.107622585984009
2024-07-24,2025-07-24,12.051571423978913,12.599846873978256,11.391439973673261
2024-07-25,2025-07-25,11.851677651312304,13.294618149740748,12.25574872967828
2024-07-26,2025-07-26,13.752007568045256,15.920167861443101,14.388066410730296
2024-07-27,2025-07-27,9.745725552192146,11.245978830511312,9.772519028038698
2024-07-28,2025-07-28,9.283397209207568,11.472146487241709,8.715686489237331
2024-07-29,2025-07-29,13.24568746600377,14.92488184297871,12.46506863706037
2024-07-30,2025-07-30,4.64198043795657,5.791465161138707,4.54169517386804
2024-07-31,2025-07-31,7.160948269311476,7.826798998493361,7.2359836087350455
2024-08-01,2025-08-01,3.40897914217584,4.015175476901915,3.314435402934627
2024-08-02,2025-08-02,5.064486293442739,6.169256264402448,4.680294228350473
2024-08-03,2025-08-03,4.920957644359755,5.942122162193304,4.577065611127873
2024-08-04,2025-08-04,5.651351460941631,6.37119697451759,5.358189429446608
2024-08-05,2025-08-05,5.778903648250043,6.8338889097948785,5.485450321794279
2024-08-06,2025-08-06,5.675520622784658,6.9860794270781055,5.469891875544277
2024-08-07,2025-08-07,6.808100904289789,7.8645901070808435,6.564930423610894
2024-08-08,2025-08-08,7.872135764313116,9.485546019244264,7.790357174549779
2024-08-09,2025-08-09,8.626480683070536,10.018684083892046,8.53853272404622
2024-08-10,2025-08-10,5.858570440267962,7.732927935703831,5.5782409687712775
2024-08-11,2025-08-11,5.184918224997473,6.954390390701315,4.703170944353141
2024-08-12,2025-08-12,11.38171832849903,13.007915916158732,10.335665659022444
2024-08-13,2025-08-13,9.410344723176767,11.316548586190798,8.344137316741092
2024-08-14,2025-08-14,4.749110132004863,6.186001876577919,4.291683682910347
2024-08-15,2025-08-15,4.846611369400181,6.420150912110424,4.327303797580808
2024-08-16,2025-08-16,6.360633036394676,7.665238484990472,5.6364272401415505
2024-08-17,2025-08-17,8.565079047456148,9.745767360594142,7.866011783233265
2024-08-18,2025-08-18,10.152980243034476,10.912552928966011,9.44477671771358
2024-08-19,2025-08-19,8.089781350358379,10.1638784844117,8.44322647451582
2024-08-20,2025-08-20,9.180350476012608,11.228666789142567,9.557901383477777
2024-08-21,2025-08-21,8.913139103608575,10.85161084940468,9.273247978535633
2024-08-22,2025-08-22,6.87012624273777,8.839193593937871,7.169670808173737
2024-08-23,2025-08-23,10.157471627429768,11.729777983066445,10.466906555130642
2024-08-24,2025-08-24,4.78207294442119,5.684351186921392,4.763524451877418
2024-08-25,2025-08-25,7.822184090190423,8.571049671533126,7.421784548837537
2024-08-26,2025-08-26,7.668487505528765,8.277652237623291,7.07470886502701
2024-08-27,2025-08-27,5.057780260017574,6.04019253864503,4.54185271387188
2024-08-28,2025-08-28,4.1898221868519006,5.524246756122596,4.0570293264216
2024-08-29,2025-08-29,4.711067807783782,5.648785133470227,4.5525924312134025
2024-08-30,2025-08-30,5.007954671070548,5.764146318103406,4.756026137633814
2024-08-31,2025-08-31,5.029132462494126,5.948218206962278,4.851578030506869
2024-09-01,2025-09-01,4.979726146427843,5.655964659142182,4.734180378825325
2024-09-02,2025-09-02,5.909061000243881,6.606369427787836,5.78985540503974
2024-09-03,2025-09-03,7.481204226304988,8.66597516554908,7.486780454663387
2024-09-04,2025-09-04,6.036923668664731,6.871784909205616,5.538657736987227
2024-09-05,2025-09-05,8.347054539706146,9.485693044400238,7.442080679709395
2024-09-06,2025-09-06,11.61213841562971,12.99102170402707,10.189055696322225
2024-09-07,2025-09-07,8.4016625013671,9.64954950135954,7.345337341355989
2024-09-08,2025-09-08,9.706968227513146,10.718734198362265,8.583790340656298
2024-09-09,2025-09-09,6.7857076497626405,7.5920837185941314,6.225747310478966
2024-09-10,2025-09-10,7.181934209199822,8.434827029064563,6.659381970538507
2024-09-11,2025-09-11,8.316981141946872,9.150413823667959,7.639070832512725
2024-09-12,2025-09-12,9.518469593457224,11.120189313969947,8.996662996573841
2024-09-13,2025-09-13,8.227123777447021,9.486504400658507,7.685727228769765
2024-09-14,2025-09-14,8.519657800185811,9.49531821753036,7.91666799596902
2024-09-15,2025-09-15,8.515397028317597,10.519231549082265,7.324202253484545
2024-09-16,2025-09-16,11.610370610549129,13.48303486577016,9.693310363474843
2024-09-17,2025-09-17,6.125028945128136,7.590008820965612,5.453915837071503
2024-09-18,2025-09-18,9.187519047209841,10.478363481881514,8.694150534226184
2024-09-19,2025-09-19,7.76458683773488,8.750056581059862,7.2910705211957705
2024-09-20,2025-09-20,8.277309274621583,8.924124560543383,7.782065173667376
2024-09-21,2025-09-21,3.307480538623675,5.290344618288202,2.741030905727188
2024-09-22,2025-09-22,3.8368527265626904,5.327149519532494,3.323720690546549
2024-09-23,2025-09-23,8.6868443885365,9.382134655208032,8.176337131541029
2024-09-24,2025-09-24,5.873949949551518,6.519947826263421,5.561451868012646
2024-09-25,2025-09-25,7.298662767739152,7.569744818297887,6.9533618790322365
2024-09-26,2025-09-26,5.140991477270197,5.4738225946696595,4.941551059595089
2024-09-27,2025-09-27,4.663081045983211,5.496020388282337,4.3618054862133135
2024-09-28,2025-09-28,4.608563250587529,5.496738356556684,4.333854343676615
2024-09-29,2025-09-29,4.324204936212358,5.783450401598262,4.020320200827892
2024-09-30,2025-09-30,4.340152687114064,6.720083161989141,3.990730482145023
2024-10-01,2025-10-01,6.129320831860014,8.72419112459295,5.53990822652923
2024-10-02,2025-10-02,7.601115095850129,9.62104107984656,6.896482437836641
2024-10-03,2025-10-03,10.441043549781515,12.172054360724538,9.39686595878059
2024-10-04,2025-10-04,7.165406712299196,7.980674597515794,6.386418385615962
2024-10-05,2025-10-05,9.652838764208436,10.68631234809664,8.53745676140972
2024-10-06,2025-10-06,9.135362948364593,9.835785033619254,8.368975887590764
2024-10-07,2025-10-07,11.823877523756877,12.289906508835125,10.437137880539762
2024-10-08,2025-10-08,6.291393233562118,8.184777922096876,5.906622979872518
2024-10-09,2025-10-09,6.452038380121796,8.207600174045252,6.0411812981281034
2024-10-10,2025-10-10,8.031795245513782,10.942994555567497,7.967270006958316
2024-10-11,2025-10-11,11.4186766324931,14.152108742292427,11.309017806977085
2024-10-12,2025-10-12,12.38417981275801,14.552086944241871,12.415818595640024
2024-10-13,2025-10-13,6.346247141069881,7.116085582436218,5.693964014978321
2024-10-14,2025-10-14,8.550753103400499,9.548129445727787,8.274213826879654
2024-10-15,2025-10-15,8.240219401408059,8.839247957451102,7.887274100373406
2024-10-16,2025-10-16,12.301579900945033,12.754278120560647,11.985209036614334
2024-10-17,2025-10-17,6.186752245744963,7.0736626346084135,5.928687457944138
2024-10-18,2025-10-18,7.461011502511119,9.306765981068994,6.849819741432685
2024-10-19,2025-10-19,7.674681520323227,10.83443077656919,6.883020983218264
2024-10-20,2025-10-20,6.8797788838389256,8.635096512411602,6.331074518361539
2024-10-21,2025-10-21,7.5197272902506915,9.763488900958281,6.656385148571962
2024-10-22,2025-10-22,8.285354666352394,9.55891850388495,7.520571066488843
2024-10-23,2025-10-23,10.922204932274209,12.858248177567075,9.664547913930194
2024-10-24,2025-10-24,5.229499322045626,6.3058891569362565,5.032318355476272
2024-10-25,2025-10-25,7.793346555213497,9.273951603600473,7.628792765165825
2024-10-26,2025-10-26,5.944473743173453,7.003136768318157,5.521804225435566
2024-10-27,2025-10-27,7.593802436093384,9.039239874902629,6.959274137520463
2024-10-28,2025-10-28,8.697178240343364,9.613539242000504,8.064380284740846
2024-10-29,2025-10-29,8.461995722256793,9.962492763019245,7.998185991238784
2024-10-30,2025-10-30,8.438900008074985,10.576668163411325,8.054300205702503
2024-10-31,2025-10-31,10.300879552568631,11.844690439298084,9.992659396196022
2024-11-01,2025-11-01,8.44696690771852,9.544670668698915,7.971004813353858
2024-11-02,2025-11-02,10.675420525717831,12.530592181064486,10.556818523549468
2024-11-03,2025-11-03,5.994960779202954,7.0568884223516335,5.702966285395966
2024-11-04,2025-11-04,7.231809699834114,8.442971274327364,6.547074586003614
2024-11-05,2025-11-05,5.2693183238422785,6.005599891978694,4.892573245900644
2024-11-06,2025-11-06,5.371934616349348,6.233420582980904,5.185090283655465
2024-11-07,2025-11-07,5.823034926909481,7.275271871763119,5.158023411420681
2024-11-08,2025-11-08,7.336323912756693,8.52153886046565,6.477715479004291
2024-11-09,2025-11-09,8.982795250780256,10.160365891927276,8.086613605963509
2024-11-10,2025-11-10,10.420184461813692,10.871758771619655,9.822114337670172
2024-11-11,2025-11-11,8.869828693779693,9.723103127243636,8.732124910940666
2024-11-12,2025-11-12,9.638344275126455,12.882281645414094,10.322893557902578
2024-11-13,2025-11-13,9.702579321859446,12.4662428705205,10.303478455321082
2024-11-14,2025-11-14,10.354441610663049,13.113515122752982,10.982789096120845
2024-11-15,2025-11-15,12.794158507051092,15.25689210880153,13.443757682046728
2024-11-16,2025-11-16,7.587310130395764,8.73485577589161,7.894270950418187
2024-11-17,2025-11-17,8.557615233037316,9.916584229877962,7.9627512753535
2024-11-18,2025-11-18,5.705278985893206,7.605542165896775,5.61519219507818
2024-11-19,2025-11-19,8.992917842709035,10.546096430478562,8.436104333330578
2024-11-20,2025-11-20,5.482780415048215,7.209910820189391,5.686962564446475
2024-11-21,2025-11-21,6.27213906608065,7.532943639579138,6.361103638870147
2024-11-22,2025-11-22,6.4220184758718615,7.404290538847645,6.504141948251083
2024-11-23,2025-11-23,5.7761333688986936,7.798313927204221,5.4765728748450595
2024-11-24,2025-11-24,4.327366228938934,6.484288925848016,4.0761820691202555
2024-11-25,2025-11-25,8.272504210056123,12.345290237276602,8.56029368710007
2024-11-26,2025-11-26,10.877305328331074,14.39162606959286,11.58611896830314
2024-11-27,2025-11-27,6.620519021814553,11.82392159532243,6.992009596050473
2024-11-28,2025-11-28,10.26704745516061,14.455301756220193,11.109876463185046
2024-11-29,2025-11-29,6.972821254678822,11.902429736435343,7.527047169191691
2024-11-30,2025-11-30,6.985377421929749,11.775822879529311,7.522687517687533
2024-12-01,2025-12-01,7.210195179901746,11.535350055923503,7.649757878040895
2024-12-02,2025-12-02,19.710597150178096,21.257437229922793,18.685726692511988
2024-12-03,2025-12-03,14.881078523870205,16.66499589414895,13.767996804233254
2024-12-04,2025-12-04,13.350548797198682,15.403487188132555,11.994255100480302
2024-12-05,2025-12-05,8.605400412061272,10.445635729401417,7.7610586833402895
2024-12-06,2025-12-06,6.894703146198046,7.701830736931686,6.514258432160498
2024-12-07,2025-12-07,6.672613957924398,9.260648695971156,5.8922819858118025
2024-12-08,2025-12-08,6.807690769042714,9.408314329754141,6.016378903911764
2024-12-09,2025-12-09,6.655562005549344,6.893540563758411,6.270680383588051
2024-12-10,2025-12-10,9.275781054641657,10.174407756700074,9.113339450352836
2024-12-11,2025-12-11,11.94744258613471,13.179473946008136,11.893723647280334
2024-12-12,2025-12-12,9.410317085197534,10.344548991969024,9.417447691793601
2024-12-13,2025-12-13,6.3119781753140165,7.912075483283224,6.108708428225588
2024-12-14,2025-12-14,5.755421586413655,7.464511830126686,5.463757985528668
2024-12-15,2025-12-15,6.123525107597907,7.5493181556435385,5.813304004780151
2024-12-16,2025-12-16,9.077344997676102,10.881364882223158,9.427272936513269
2024-12-17,2025-12-17,5.172787418439689,6.270373172118281,4.9865814591042605
2024-12-18,2025-12-18,5.988755732484356,6.827811481109412,5.770269042930927
2024-12-19,2025-12-19,11.864294926449398,14.312828597641637,10.928795532133565
2024-12-20,2025-12-20,6.864051500904436,9.803801733144448,6.3092424017168165
2024-12-21,2025-12-21,7.153098101467078,10.355895468983789,6.546096121701009
2024-12-22,2025-12-22,7.913400806513222,10.739664301001842,7.285206063162432
2024-12-23,2025-12-23,6.524568453833906,9.061959166640833,6.0081473393873575
2024-12-24,2025-12-24,7.06450754080889,9.152887144591775,6.540781520423708
2024-12-25,2025-12-25,8.295152248277102,9.683411449474413,7.763570835881059
2024-12-26,2025-12-26,13.213048714124083,14.144841396392074,12.439275809285595
2024-12-27,2025-12-27,6.021545664901209,7.194189561204567,5.563350399877888
2024-12-28,2025-12-28,5.948958395473538,6.624331998471489,5.395394744165916
2024-12-29,2025-12-29,6.019229644383011,6.966383634433043,5.402539375385449
2024-12-30,2025-12-30,8.629729151605,10.689831219385844,7.444960096834818
2024-12-31,2025-12-31,9.859120031866073,11.965764349775169,8.38814061461279
2025-01-01,2026-01-01,7.939233348879425,8.839851296047073,6.985334965914465
2025-01-02,2026-01-02,6.755345451485882,7.552446458318617,6.0986742547062835
2025-01-03,2026-01-03,7.790615865267916,8.571333073780627,7.445896296483638
2025-01-04,2026-01-04,5.8147476475142,7.337618201637597,5.358973314686933
2025-01-05,2026-01-05,6.26893055907171,8.123562726225286,5.511019407847158
2025-01-06,2026-01-06,6.271214392440314,7.285951354164805,5.89561195559155
2025-01-07,2026-01-07,10.79077638229793,11.429515110851801,10.270022502158275
2025-01-08,2026-01-08,8.385054939332743,9.279386573370155,8.01121581334098
2025-01-09,2026-01-09,6.633091973531966,7.09306670451751,6.350117241055394
2025-01-10,2026-01-10,9.080850462446035,14.782668336683496,11.297624256187328
2025-01-11,2026-01-11,8.759365613062089,13.593215595547198,10.488058973162682
2025-01-12,2026-01-12,10.72830139432248,14.261748261535962,12.626198791746182
2025-01-13,2026-01-13,12.7817164803897,16.051824854230595,14.150963315987356
2025-01-14,2026-01-14,12.239035150436475,16.646794870325902,14.108747693850892
2025-01-15,2026-01-15,13.342461190946207,18.457604679405172,16.01933031075017
2025-01-16,2026-01-16,11.85283529208793,17.0838240344542,14.191903976828558
2025-01-17,2026-01-17,21.29662694516544,24.825849866236076,18.793482834783898
2025-01-18,2026-01-18,15.755787639112429,18.86540418902644,14.009501084358176
