window,mae,rmse,mape,mse
0,62.47317670556044,86.83893213133723,0.07556678596410052,7541.0001337109925
1,65.48893109629908,85.99178638987173,0.07838526806542243,7394.587326521329
2,39.22060027187846,47.35016885523158,0.0519690603722711,2242.0384906189424
3,40.24987343997085,50.30402674558697,0.05434894044028149,2530.495106820729
4,45.526143559935235,50.65855884725946,0.05906988518637298,2566.2895844812497
5,37.716001734469764,50.132629634170364,0.05085567103440806,2513.2805540368963
6,37.58687454332802,45.40232957463324,0.04978594541035473,2061.3715308036167
7,39.84571798364849,46.47427590013671,0.04785155144699711,2159.858320442028
8,26.724577860454474,29.576284179700913,0.032696114758796344,874.7565858784266
9,28.811783648362848,35.310085054971665,0.03492703851833471,1246.8021065893333
10,28.81442209545631,33.177431636557,0.035480562195408794,1100.7419699984134
11,29.915290165772767,33.42127218871339,0.03715189021808213,1116.981434712067
12,30.55982907780008,33.36631398469533,0.03796603148754086,1113.3109089252753
13,32.71209327487626,38.41316150805894,0.0407388950429449,1475.5709770442209
14,33.98295863993864,38.56621874939192,0.042394005527719714,1487.353228625949
15,40.17512874958858,49.91530061971974,0.047095294919465326,2491.5372359569933
16,35.50518995620215,46.55284472699656,0.041671681271128934,2167.1673521758516
17,37.90407938728332,47.53930862530765,0.04477192614543129,2259.98586457225
18,37.94879516373741,47.81682490196523,0.04511098464002351,2286.4487437052017
19,39.99349572057848,49.50636479084348,0.0470130968212845,2450.880154804067
20,43.8664111834762,52.18651334987795,0.05153996108586261,2723.4321756169893
21,42.363852151668866,49.302602407286926,0.050212946985633576,2430.746604131015
22,29.688439077656863,36.30321686754183,0.035881162073779276,1317.9235549317734
23,33.832197636589285,39.54850252825925,0.04100466626035297,1564.0840522277283
24,37.52116656250189,41.369858534412266,0.0455929743492902,1711.4651951572837
25,41.66579625581187,43.36579482700352,0.05068541040039465,1880.592160977765
26,37.35792260296601,40.98643842138205,0.04646983820163479,1679.8881344697425
27,39.13186527968269,43.6944275758907,0.04748358407347076,1909.2030011847576
28,40.698219859625816,44.69018994006925,0.049445892868404465,1997.2130768794673
29,25.476155057447126,30.047428575914406,0.03287345452059232,902.8479640246777
30,24.640726108389895,30.105442840424455,0.03189851842208476,906.337688618064
31,24.876702123435766,30.491360845736473,0.032325986072275034,929.7230862249113
32,32.70719437473609,40.15156331039685,0.04364143747215772,1612.148036268807
33,48.29428679723508,58.32790592135097,0.06695395182506213,3402.1446091699695
34,34.66802751938383,49.00009046549569,0.048984441656226695,2401.0088656267612
35,31.33242972422017,45.101315185068785,0.044288564727167086,2034.1286314229162
36,56.26540393604421,79.09845700449841,0.07600481145539735,6256.565900492484
37,69.01176047485822,88.70276267707249,0.08914676865815956,7868.1801065450445
38,74.63476459848971,92.0170764819367,0.0961158721827959,8467.142364282588
39,69.2128661468665,87.00202963625897,0.08614169208297377,7569.353160828483
40,66.78730628366289,82.60488062020964,0.08164633382617512,6823.566302279086
41,72.1083076046284,86.98580489647561,0.08899304146888096,7566.530253487722
42,73.09425980860274,87.77363197609331,0.09023441694615557,7704.210470274671
43,70.69323598976248,87.78031694646705,0.08461270540347988,7705.3840432222105
44,36.155289320017474,42.812967041556114,0.045900289497202026,1832.9501469013699
45,47.69446687660689,54.78520624147256,0.05889051717652506,3001.418822920684
46,43.27753797796413,52.82196437378122,0.05412178608720909,2790.1599203050123
47,46.92220458317427,54.13859248293229,0.0590690858703375,2930.9871960330124
48,49.673909776199466,58.52650054756213,0.061841795306541485,3425.35126634379
49,58.907078210316776,65.61666076323814,0.07634509809051347,4305.546169717877
50,48.70071933193084,60.036078006578386,0.06542570935151003,3604.330662411965
51,47.135527060255995,58.78555990488095,0.06384166530284283,3455.742053330346
52,47.19153194682859,58.26195255673982,0.0650142108236779,3394.455115723802
53,45.861755673021385,56.70120502630795,0.06306937670548549,3215.0266514354103
54,43.039595801045415,52.282598303139636,0.05879368649754254,2733.4700853274594
55,39.79351665592948,43.817560211117325,0.05246576538088056,1919.978582854892
56,50.477249229167946,55.56647540530044,0.0663441510184943,3087.6331889678586
57,42.71170173628819,50.69502639074534,0.05760827967608933,2569.985700758367
58,44.1736121235424,52.95890343232127,0.05956923355660711,2804.6454527539295
59,42.840598158364664,53.215261199668475,0.058169551054372735,2831.8640245489414
60,47.45939166399314,54.42442535217241,0.06447778225114063,2962.0180749141873
61,44.44112231896669,52.50948629121007,0.060374164678268,2757.246150566778
62,38.65364961737794,44.76751064346699,0.05204751318360087,2004.1300092129302
63,42.93419786626823,46.86348705104091,0.05691532925698744,2196.1864185830796
64,41.33785457983816,44.91373896192386,0.054972129253927186,2017.2439475398376
65,30.6289857187891,39.049889918998005,0.042333207092133604,1524.8939026858618
66,35.15788786706979,42.68474625462722,0.048607272171119834,1821.9875628219127
67,28.919429492409368,36.07119171721224,0.03951077354112485,1301.1308718998807
68,29.088707628258426,38.53549306601235,0.04031834147704849,1484.9842258406861
69,28.235081819326897,34.3725446636119,0.03880900748187305,1181.4718266519947
70,40.81280460950942,52.66745482092036,0.05596367424440859,2773.8607973136873
71,38.888440345010494,52.93974737913046,0.05398357000500196,2802.61685256615
72,39.627507925754166,52.80408854874714,0.054905181742218735,2788.271767463929
73,37.98571460835193,51.22979128128407,0.05250464582169745,2624.49151472393
74,39.25967983620425,51.71988565936423,0.054465927723877414,2674.94657261771
75,43.43045218324513,55.429186776893374,0.06043859558017948,3072.394746747731
76,42.942044759706405,53.08330257573109,0.05994806214224228,2817.837012346619
77,41.95790788719676,52.68617073503035,0.059158627690883495,2775.8325867207686
78,43.264099163175324,53.02432740086066,0.06058978577936242,2811.5792963136632
79,39.71433661378301,52.5613133905028,0.05611344235684291,2762.691665334649
80,43.615808775657165,54.08147678900534,0.06146917942212703,2924.806131679724
81,41.62268466197762,51.99163394175312,0.05878092277268869,2703.1299999332555
82,36.597214520076626,48.05874747071807,0.05193725479774259,2309.6432084542503
83,27.407594617910927,34.45053809312344,0.03852387026327587,1186.8395749057495
84,31.26624441430712,38.62270296664039,0.04327864686162058,1491.7131844493322
85,29.41053802077821,38.43433310677075,0.04122127891675021,1477.197961362214
86,32.05726023589533,39.91388259368446,0.04452941760194872,1593.1180237024273
87,33.40697836952696,37.88101706349812,0.0453688403031911,1434.971453765036
88,32.70016524698614,37.41790964978432,0.04448145432545164,1400.0999625594225
89,32.249242181729834,39.27256115662784,0.043799350766442424,1542.3340598010739
90,41.0793709323271,52.99919690396547,0.05742887204679752,2808.9148724653032
91,47.08991981878403,58.22544277362272,0.0648652922487735,3390.202186184414
92,49.29453874403399,60.45803584525347,0.06820555375298457,3655.1740982659535
93,49.62617075087238,60.62121038285709,0.0694762406860029,3674.931148282621
94,59.85297309896964,69.89599707670432,0.0847805386790643,4885.450407346659
95,60.25845249759532,70.13809029060161,0.08371494235522327,4919.351709612584
96,55.66818926334712,65.02339772604068,0.07673241813974316,4228.042251838872
97,36.65661983018468,43.93333667835455,0.04779606085088934,1930.1380716936535
98,35.91060269703126,44.56599243529841,0.04718785817516223,1986.1276817430753
99,36.020458452733045,46.121468282685456,0.04587289930774463,2127.1898365507604
100,43.01692651885566,50.478714400007995,0.05453261653683239,2548.1006074775746
101,45.89611615669935,50.811026307159295,0.0580669462810885,2581.760394386834
102,44.756256537355235,46.81108475738616,0.05874225576826921,2191.2776561631913
103,44.06333324907775,45.38316058693257,0.05712172662422165,2059.63126485931
104,47.27481580410103,48.51431258830264,0.06142269437568356,2353.6385259155395
105,50.717737111549646,52.35400512634238,0.06452505485309887,2740.941852769084
106,40.41314870106847,42.15307076504592,0.05279490671179573,1776.8813749229687
107,45.71198252009386,51.499391251677295,0.05873459884264566,2652.187299293336
108,50.77280986479442,54.9385858914958,0.06500239306545864,3018.248219757261
109,52.304723496725124,56.75734619999929,0.06706569929205493,3221.3963476665735
110,53.005721997127466,57.67169088922501,0.06832457366178338,3326.0239300223193
111,45.524042535845965,51.211600217077695,0.0557968344734592,2622.6279967937926
112,50.51672733581778,55.15486456944275,0.062340473305772796,3042.059085673571
113,49.90171390976142,53.456035721768316,0.060825884713024934,2857.54775508697
114,40.59821928465702,43.86105137908645,0.050112499026494346,1923.791828078861
115,46.516486912993415,51.21654181483916,0.05893259808106072,2623.134155471168
116,59.56154645828072,69.99264789993869,0.07208040674101743,4898.970760044792
117,68.70902674569189,74.09106486572746,0.08315948459094369,5489.485892937433
118,74.47029174577439,79.16294343334282,0.09169168909400985,6266.771613030635
119,74.84180586638315,81.42721179129852,0.09091156908117963,6630.3908201049835
120,65.97858915992124,73.67845790954514,0.08064857760116896,5428.515159928616
121,67.06508621654235,72.60266181163242,0.08202167953462054,5271.146502134268
122,64.7321376396368,69.60976024335677,0.07847950792434324,4845.518721137613
123,55.78629018117259,61.724049045264664,0.07036663702558134,3809.858230542238
124,61.380534572546885,65.16781678298108,0.07750720086148279,4246.844344260191
125,51.47914608136859,56.34425889712879,0.06128106959611517,3174.6755106666765
126,59.4582626135126,60.87786352220323,0.07296341682909945,3706.114267028003
127,50.08586809222072,51.59599306276051,0.06253635861517783,2662.1465001324314
128,54.011547610415164,57.63899492504517,0.06682453433126169,3322.2537359693824
129,56.45287880996572,59.178056434099354,0.06982504543153951,3502.042363317448
130,53.31535412766267,57.27237600043998,0.06658315681240574,3280.125052735773
131,56.11762054006609,59.111757154795065,0.07041927670827196,3494.1998339274655
132,56.112781137887865,58.47493477372661,0.06995196788123338,3419.3179967915817
133,58.745200748039046,61.80554186382943,0.07168182352014306,3819.925005081572
134,45.539810311032234,49.95795699176416,0.05738173500871847,2495.7974667909575
135,37.133131571695245,41.39528250511764,0.04781945491759353,1713.5694136784987
136,32.56283710008035,39.191063819579426,0.04277045037783872,1535.9394833103477
137,37.69136985725476,45.75847396566691,0.04834101937368023,2093.837939666616
138,36.46867164415664,46.570951247344766,0.046992880822557974,2168.8535000825627
139,29.187907888231198,37.144837605235516,0.03618478328104219,1379.7389607193184
140,28.25976375509916,37.81473418827912,0.03433358839324461,1429.9541217302055
141,31.635739111970224,40.16817395201269,0.037662168830595415,1613.4821986391507
142,27.512685903565757,35.23488408698072,0.0326730033223544,1241.4970566229672
143,37.967646509096575,46.58756553537472,0.04430820255062841,2170.4012625128344
144,30.770489643668252,38.626455077816374,0.03682298938494833,1492.0030318785662
145,31.013378522343146,38.74505360950666,0.03706066338067639,1501.1791792035453
146,37.46795925904069,45.470103989066544,0.04627579423995347,2067.530356776525
147,42.96310319641423,48.433049003520026,0.054483503564773314,2345.760235777372
148,35.618173461819346,43.442736598504226,0.04663856544381757,1887.2713631670183
149,38.05058278456551,44.395723652915656,0.049662955317120554,1970.9802786660548
150,36.45233979877787,42.494607100339294,0.048707950117111286,1805.7916326122065
151,36.1605198999387,41.18025980092601,0.04813304885775307,1695.8137972717627
152,34.819505784027115,42.39434699908625,0.04673626421082582,1797.2806574789338
153,28.425126140037214,32.820987887103826,0.036316556584302676,1077.2172458854159
154,38.23287679530006,45.359123603438206,0.049165418507553384,2057.450094071985
155,41.87596951030628,49.50920568661784,0.053157271917445695,2451.1614477198323
156,41.48532433681253,49.479412190442304,0.05326066748066064,2448.21223071169
157,42.784550741154945,50.89209554896254,0.05526593137597592,2590.0053893647323
158,42.81351633029039,49.834731407402344,0.05487694527926246,2483.5004544479334
159,42.34199682038411,50.15895138945191,0.05428929115152729,2515.9204044893995
160,46.07918031752521,54.2364000634551,0.06017359642427698,2941.5870918431524
161,51.36189547829575,59.17730613356836,0.07121107042776982,3501.953561226067
162,51.24814780949243,59.73910200691076,0.0718773678617487,3568.760308592089
163,54.35912542653229,69.24088466033429,0.0728653705583102,4794.300108545715
164,58.18654730203036,70.77553291007489,0.07756302573424247,5009.176058705093
165,54.64344512048386,70.39720111864192,0.07357002619014731,4955.765925338519
166,55.30427384756096,69.83724484119561,0.07438978529183164,4877.240767009103
167,55.16372944829394,72.30609298041391,0.07477553156777447,5228.171082092261
168,50.3132919230325,70.01543276784484,0.06497102412663174,4902.1608256686
169,57.838959294685296,73.72612706678325,0.07178626359744193,5435.541812267469
170,51.92958133858987,67.45678710009823,0.06644362416967509,4550.418125867979
171,63.527591787751426,74.42432432369434,0.08009521616692494,5538.980051038439
172,67.23340415368443,75.89379755614462,0.08426680909321109,5759.868507493064
173,67.81312132289898,75.197652108989,0.08445983767086647,5654.686882704538
174,59.64795456043063,67.85462974807102,0.06977952775972134,4604.250778247805
175,59.82161464607595,66.66115604302553,0.07036097672721221,4443.709724992598
176,49.21040529077714,53.08301991360289,0.059022993102248185,2817.8070031479606
177,52.81579577259671,65.4183951698894,0.06189912179666825,4279.566426603808
178,58.30301541253032,73.50645034613419,0.06778048601678116,5403.19824248869
179,66.54618239157571,79.35395207039382,0.07735908262249665,6297.049709190358
180,74.02480329189511,82.61169896934307,0.08645523540290054,6824.692806601358
181,66.72924503908119,81.10001964426438,0.07595147031697493,6577.213186300068
182,69.76115086699191,82.42160472228866,0.07980303895043793,6793.320924997196
183,70.22387629320407,80.08799485039731,0.07945597981374368,6414.086919157266
184,53.8268609546044,58.99286181265129,0.06199404008944113,3480.1577448465714
185,59.00870934361751,67.33763593685178,0.0676435615074598,4534.357213563993
186,62.05735145283846,70.03628054938059,0.0714309896962453,4905.0805931915465
187,71.83543638364759,76.68487131825317,0.08305843718016125,5880.569489097048
188,69.85510889838645,76.75782386700237,0.08018430254374477,5891.76352479776
189,71.4265141386645,78.83246347886025,0.08170264995151602,6214.5572981458345
190,56.25015308704097,63.12519792915133,0.06569443891606654,3984.7906135945314
191,55.61602496900686,60.667134765023576,0.06523478083292582,3680.501240597532
192,53.00653917642597,59.78469308804535,0.06231682341834144,3574.2095276317773
193,53.622242821028216,59.25345067680351,0.06349365247222308,3510.9714171083865
194,49.009888001060986,53.59497395151869,0.05979657416360335,2872.4212328639665
195,52.80302518564104,59.382169021180516,0.06260044535897587,3526.241997660051
196,54.04363873800188,60.63088298604401,0.06388707691237427,3676.103971667361
197,50.21607965095576,55.703380666820635,0.059297516024094186,3102.866617712727
198,55.75368350212602,64.92335183219757,0.06472454073324467,4215.0416131273105
199,47.537503308237014,56.357760584423005,0.05668307615514158,3176.197178091143
200,54.76396623495503,60.36104408155295,0.06505401772846263,3643.4556426151785
201,51.976974016639915,59.95771572622459,0.06218093208333541,3594.92767510676
202,54.671121196546515,64.09236528611818,0.06491879843512445,4107.831287969208
203,67.2678639606797,74.46991079540432,0.07954895378311523,5545.767613875477
204,54.90561106110629,61.66396911330293,0.06690023288593153,3802.445086806378
205,45.82722963217668,53.74565012564323,0.057364285676140214,2888.594907428054
206,44.044523409963936,52.96134077400519,0.05581559836696383,2804.903616580304
207,45.15254403674966,54.225401165479994,0.05761479040766077,2940.394131557239
208,42.84818603942212,51.68006637721436,0.05433430559826718,2670.829260753282
209,43.207874482608204,49.38159895637027,0.05318184843909251,2438.5423154877894
210,58.28356942813712,66.23062694798035,0.07430995266922773,4386.495945922542
211,52.78273139001188,62.26823083513574,0.06859081498144012,3877.3325713377494
212,40.04292585747463,57.05258260291949,0.05418242187412121,3254.9971816629522
213,40.39663074690912,57.218608100966485,0.05463174580391455,3273.9691130119877
214,39.715718748774066,58.2739274764839,0.05398779065523188,3395.8506235345053
215,44.72671775018893,60.098042078380075,0.06239593609383069,3611.7746616547424
216,31.33476151048722,40.27828885480181,0.043412763967440766,1622.3405530708515
217,25.57339871826733,31.11809790608517,0.03426479029777929,968.3360172927022
218,24.150355894115737,30.332962633429915,0.03268377121785223,920.0886221210554
219,27.31936801134915,36.47547987758078,0.03641042147722902,1330.4606322998006
220,34.521786520315445,41.17648366457361,0.04501955040997503,1695.5028069788973
221,33.87611252579874,41.102735903848604,0.044234471000717035,1689.4348987815254
222,28.274032361753694,37.87647212881152,0.03502227085616751,1434.627140924636
223,40.885009552566466,53.6938049247805,0.05341485827918356,2883.024687300383
224,47.322938254331476,58.05540182343502,0.06101404803696024,3370.429680880502
225,45.42086601574881,56.1423572178137,0.05879786711463835,3151.9642739725973
226,36.82863480114737,49.82456994753737,0.0493013815559049,2482.487770457044
227,43.000694608459334,54.16269517363821,0.05691932339994132,2933.5975484724518
228,39.78220810102597,52.654953724121334,0.052704598205603255,2772.544151689359
229,38.22104939034409,51.43228642123342,0.050568117121326916,2645.280086515792
230,41.30220636174155,55.43234263361545,0.05435147046102882,3072.744609850541
231,47.42184082005599,59.212846936266665,0.061883690108919476,3506.1612422977446
232,38.56201675291907,54.92311694856604,0.0520556426944019,3016.5487753458624
233,37.96919183185538,54.60444235659031,0.051440384426751154,2981.6451250741943
234,36.300756294804664,53.831905674833116,0.050242068891525785,2897.87406858413
235,35.51100946674525,52.87066224738415,0.049031433621285515,2795.306926476972
236,37.3267637371507,53.010171498706136,0.05135417819784503,2810.078282322236
237,26.285590976039543,34.149773162955405,0.03311344061968992,1166.207007081309
238,39.11695418988948,48.73860100337473,0.051556191349252045,2375.4512277661606
239,32.98293983377219,46.29421200423651,0.045219075984997546,2143.154065093196
240,37.88186301855056,49.074575773974416,0.05115027914902146,2408.3139873955565
241,37.36375225154682,48.67603203241878,0.05029100777845485,2369.356094421059
242,37.23335365364994,49.59739819452961,0.050391925227167844,2459.901907666729
243,34.49502274001166,46.787539334077074,0.04670822922251743,2189.0738369378096
244,35.42999184480035,46.01787427129474,0.04841209851670666,2117.64475244869
245,37.80499512180461,45.26677679608984,0.04967414287328241,2049.0810815070176
246,36.403300450383995,44.18329562482259,0.047959290246251764,1952.1636122704674
247,32.120716929050495,42.648340809821285,0.042613187964913535,1818.8809738306677
248,35.42627199782133,43.430374318256014,0.046539882850120486,1886.1974134238314
249,35.24784584742348,43.76139566268687,0.04632238405954867,1915.0597503462297
250,37.218025693470686,43.83990175185247,0.04870372727260099,1921.9369856120773
251,34.90581128225126,40.51400307487432,0.04338143035315357,1641.3844451509256
252,50.132578011482515,57.89811660450707,0.06512294064996695,3352.191906349097
253,40.54588809891985,52.85670363328334,0.05444871297424964,2793.831118976748
254,46.59090022617142,57.31976949574949,0.060925119817249906,3285.5559750458538
255,52.722308124109226,60.80307389941892,0.06836724970179812,3697.013795618198
256,59.865405446983296,64.88646084694378,0.07727171636385048,4210.252801241967
257,60.65199421918252,67.68007587209347,0.07861943474488305,4580.592670052329
258,55.73978981920805,60.11272943254205,0.07106204649521287,3613.540239830007
259,47.55812840470748,54.40487442020099,0.059380629088044985,2959.89036067784
260,54.14632889445909,57.80546629950423,0.06600431425753335,3341.471934103119
261,41.30795688822494,46.02762894835871,0.05140678880767334,2118.542626607789
262,37.45359351151543,44.75062315279171,0.046856744352023964,2002.6182725631777
263,31.5453844448569,44.12606467252504,0.03997007973124376,1947.1095834838623
264,31.667644959131362,44.11834054606724,0.040133724023113375,1946.4279725387605
265,30.410133632437415,42.48497318885338,0.037487231237422876,1804.9729468575908
266,37.71288410298296,48.129164158987,0.04722020537632188,2316.4164426427187
267,29.267238375757024,41.17358602425988,0.038186384450000034,1695.264186097129
268,33.99461861767208,42.34825927891222,0.044536328537795544,1793.3750639539746
269,35.61480124704393,44.95735296904189,0.045936133913729936,2021.1635859830199
270,38.37726118731488,45.577157655517354,0.049538454466652095,2077.2772999558842
271,38.52056286551887,45.7262570264208,0.04972641116416619,2090.8905816462975
272,33.842900110665106,42.86053197298085,0.043653757354907556,1837.0252010069141
273,40.621704486567374,48.84429756659493,0.05258809136276264,2385.7654047740716
274,38.98322180951603,47.97664934768841,0.05077982463257831,2301.7588826310507
275,40.5194798308307,51.35269393222792,0.05243704000139819,2637.0991740970785
276,49.489295476281896,58.684555559580076,0.06326783985326842,3443.8770612254407
277,53.45012155542916,61.72560773617862,0.06680126340230498,3810.050650400594
278,54.88550712830982,62.618836747787256,0.0687277201221835,3921.1187156460314
279,52.44712281433389,59.350634609606814,0.06392977899616621,3522.497828563058
280,55.8697221605342,61.966799078889075,0.0674249352985175,3839.8841880834075
281,52.626583715133506,58.26325096116578,0.06387495538680198,3394.606412563785
282,46.5092923793958,51.90997149217624,0.05679430459624827,2694.6451403185497
283,42.87436819506018,49.19741890067204,0.05289465929883297,2420.386026488203
284,43.25160399505545,49.42801429582628,0.05394634721929947,2443.128597228407
285,41.428422803123034,48.003714002709344,0.05159093638718089,2304.3565580539134
286,33.677996518517865,42.6607240639579,0.04105968638113861,1819.937377661157
287,38.85622177550546,47.29549784729619,0.04829171601346045,2236.8641166235984
288,46.86639187403979,53.417544420992876,0.05623391301160794,2853.434051968747
289,37.68548555884729,45.074707671810444,0.04578274824995104,2031.7292716991674
290,45.626081838372706,50.54324673850393,0.05514727453425104,2554.6197908692884
291,56.157769908575624,58.942690015539576,0.06734742267778651,3474.240706267989
292,58.04835683823741,59.54667413805594,0.0692058893389306,3545.8064009038203
293,59.13597483366321,61.305434291648304,0.07006880025160005,3758.3562736876074
294,65.56140651938846,67.39608869863537,0.07774686118286363,4542.232771874325
295,49.67261332927564,52.36495999184723,0.060949924262065046,2742.089034947761
296,45.80332335897723,48.77399222671353,0.05672917932931739,2378.9023177315116
297,40.19067738570079,44.805453338383955,0.050468842549193094,2007.528648858102
298,36.319125019285806,44.08089528104516,0.04757690728457568,1943.1253287784693
299,37.103331912409885,44.35317554541305,0.0484893732644146,1967.2041809622265
300,33.647896909630035,37.810335656021316,0.042905823080448754,1429.621482420997
301,36.47951752210606,40.98714685054838,0.045662034147601484,1679.9462069484175
302,31.915428345120258,35.6328834914121,0.04047508975971876,1269.7023859125493
303,34.97962425169904,40.17049274426897,0.044579288676984595,1613.668487317366
304,36.96977887570704,41.447625571885936,0.046849511379753385,1717.9056655472527
305,33.39988328612463,39.960371047436126,0.041877572942694355,1596.8312542487713
306,35.391247479026866,40.24505494737016,0.04431637922989806,1619.6644477168434
307,35.99346209372264,41.68647890258101,0.044599273327288726,1737.7625232953312
308,44.12665409708716,48.2905786770047,0.05552643374388249,2331.9799889599813
309,40.31153265090542,45.126238820611796,0.05122532605714459,2036.377430094891
310,35.549352824297,44.86835488537057,0.04557098822300286,2013.1692701195575
311,35.21017518305075,44.84132436204887,0.04517750082014468,2010.7443705424778
312,35.73471827086674,45.67302689754539,0.04594164077544334,2086.025385983905
313,35.212149461354215,46.551109687413536,0.04544650573000664,2167.0058131296064
314,34.60598145075927,44.97643861112314,0.04488192930945548,2022.8800301401284
315,34.67450358819446,45.79469545892081,0.043865638565843315,2097.1541321753025
316,31.352198097596784,42.3753425045742,0.04003892726666329,1795.669652379973
317,30.787359307212455,37.68812652524739,0.039264601001951935,1420.394880983056
318,31.875014130189243,38.07158844142382,0.040216764416291864,1449.4458464531558
319,32.29275955216906,38.5389332603606,0.04090612075912683,1485.2493768465283
320,36.38513373976176,40.40707241001919,0.046023535370412164,1632.7315007485342
321,40.791487658890574,43.51110012248669,0.04913304053129912,1893.215833869061
322,33.87481362015243,35.39918876899612,0.04103794355103193,1253.102565503021
323,34.242369849076894,38.319880898385875,0.0403841063256482,1468.4132720664786
324,29.514992991743643,35.609959977536434,0.03484619480943946,1268.0692496017466
325,35.24775923200213,41.39831599349964,0.04133718857395954,1713.8205670976477
326,36.074222520283946,41.1908436723626,0.042430101627697246,1696.685602441014
327,38.56773668567022,42.98369896111988,0.04590059426162633,1847.5983763801783
328,41.130277908632934,46.99377204096064,0.04816040812437874,2208.4146106377743
329,37.43364293262073,42.02208356826008,0.044074290681074206,1765.8555074178337
330,35.19313810284856,42.20884768281717,0.04070905600196356,1781.5868227112603
331,37.108223445529674,43.052005655184765,0.04299064398790641,1853.475190934061
332,38.96535104340665,45.48934803195502,0.04500382307453897,2069.28078437233
333,43.607425246987255,49.21143851946722,0.05042312600944591,2421.7656811553024
334,44.67778049533107,52.69900945534225,0.051226047324334674,2777.185597574252
335,50.576931577827914,56.52144734661345,0.05836529647796412,3194.6740101559967
336,41.753719494062,49.080446328390124,0.0483038462847661,2408.8902117939833
337,36.60808735603924,42.883643661050336,0.04264217481778603,1839.0068936479424
338,44.33644107949577,49.30066621053913,0.05142017135296083,2430.5556888029946
339,35.886860816403,41.98160680944229,0.04154970587779789,1762.4553103026112
340,38.30671096920191,43.51283243290639,0.04443885125132723,1893.3665863341907
341,28.621678759491683,34.54346409934428,0.033181270000703096,1193.250911982687
342,31.779089143437222,37.106708399004155,0.03717463022784551,1376.9078082087258
343,33.05800179377978,37.101278334745004,0.038895946942406154,1376.504854072219
344,34.09989858835119,40.673655226733786,0.03898736203854829,1654.3462295032089
345,37.5258157725303,46.777024703318794,0.04243296929473078,2188.0900400948967
346,39.15522872868222,46.437630627120804,0.044463341399691755,2156.453538260908
347,40.63228894530808,48.0455482434232,0.046117048699960216,2308.374706011106
348,37.37703462145714,45.00284912252691,0.0430308382205562,2025.256429144921
349,41.94123981166162,48.618382959535694,0.04790631097606541,2363.7471616000707
350,41.894017387113955,46.7237399334345,0.04913748997762247,2183.107873367222
351,24.622494867090868,30.875464917180526,0.031225398755111315,953.2943338520455
352,21.966902878683168,28.02558104205658,0.028679841617399778,785.4331927448812
353,21.29851419118094,27.720999103503374,0.028088233307526383,768.4537912964348
354,28.769746890073424,35.12580232794985,0.03582414283005604,1233.8219891822068
355,33.0570009452153,39.555508420046195,0.04104726362531674,1564.6382463683453
356,33.048141511539484,40.782345434573536,0.04050202901907409,1663.1996991448807
357,40.012883791525645,46.9582589921399,0.04874242838239823,2205.078087572888
358,40.85258197926839,46.969958716003454,0.049629263263772865,2206.1770217830685
359,40.76384937274746,46.64448719584456,0.04923717475503337,2175.708185763307
360,53.03228217315537,58.89451263863356,0.06409517603894452,3468.563618942168
361,56.51973566197291,63.893388159877155,0.06821268813345431,4082.3650505487303
362,67.11783256578823,71.48790927107102,0.08022358884924118,5110.521171948881
363,50.079599240229086,62.13366890729694,0.05746538357236347,3860.5928118815987
364,47.955250837440154,63.20943046731238,0.05434309405682821,3995.4321000019986
365,55.391100295417296,66.59464496750863,0.061535374477339415,4434.846738348523
366,67.91411261191801,75.38646145320473,0.07513401175536696,5683.118570435523
367,51.78672889584694,60.72059598998177,0.05573117463694856,3686.99077737859
368,40.71065818840449,52.48493841735661,0.0442545066187362,2754.6687606737155
369,39.30456646390904,48.71910683562196,0.043549701431358535,2373.5513708607464
370,45.246916853993476,54.74826387077253,0.05121153997345481,2997.3723968637373
371,56.92899349883122,63.40507878036722,0.06713011845120082,4020.204015144573
372,53.83016578912439,59.66308476381128,0.0645296909147315,3559.6836835337294
373,50.43705095874441,57.40013534869627,0.06145378767462476,3294.775538048651
374,51.56229258936584,59.59594882088813,0.06381379249644249,3551.677115861917
375,48.80562845500874,55.94107626225738,0.060154608060631005,3129.4040133796966
376,42.99144069682188,49.21406652624725,0.052601819376082506,2422.0243440498903
377,41.09980136122936,46.02360817248048,0.05014966338783682,2118.172509214012
378,39.94047097154529,47.82063022762029,0.048416464806812345,2286.8126753667916
379,45.84271671267231,50.538596206126556,0.05402664470002917,2554.1497064859095
380,41.76216393735107,47.207132798724906,0.04985775451445932,2228.513387076449
381,49.219961038462465,52.52053628053503,0.05797417703708387,2758.406731194997
382,49.8945854696968,53.704575635332716,0.05944635023557659,2884.181444171172
383,44.188193119219555,49.679988529640866,0.05186278103007417,2468.101260305248
384,42.32130445559785,49.20767778928499,0.048088036852217964,2421.395553414092
385,50.00457105744548,57.44042903328084,0.05718177770078859,3299.4028875273725
386,48.90947090585156,57.27599480453001,0.05795818075161794,3280.5395808485487
387,55.72836948573519,66.17691651967966,0.06947152413786319,4379.384280052651
388,68.44944692418667,75.58592697892637,0.08889438384722169,5713.232357263589
389,62.79437490169903,70.44871445181923,0.08188429174669103,4963.021367913964
390,73.2945202078254,77.0969798731121,0.09291231449522981,5943.944305555054
391,66.76252470215029,70.50590282831669,0.0845630005273028,4971.082333636036
392,56.998045187968714,62.090441827428684,0.07164552146369618,3855.2229663253056
393,49.88766033131276,55.615251093366254,0.059138680457602774,3093.0561541781763
394,60.64393009807179,76.02668053346746,0.06607013363778501,5780.056152937919
395,79.29264236101831,93.00764023749551,0.08400855596475108,8650.421142547393
396,90.64154519950573,99.41621426802303,0.09606711113169543,9883.583659385464
397,81.55607765559294,92.88272878477304,0.088773864514315,8627.201306505705
398,88.1322884200216,98.22714550105371,0.09403941405945919,9648.572113285176
399,74.83874408117592,88.84122754608407,0.07957984597709632,7892.763711895087
400,71.53031359765977,81.65854942163188,0.0754201154098237,6668.118693645096
401,57.92926297249739,65.21841961883163,0.06203031813042032,4253.442257578004
402,52.51658510113551,61.36057373747944,0.05710129101623479,3765.120009392652
403,56.843584005170605,63.350645826998644,0.0625619592667045,4013.304326697821
404,60.057357705477784,64.5323648511347,0.0660431396710395,4164.426113279965
405,65.97138716284837,73.00713576215554,0.07262679946857169,5330.04187219381
406,63.137005720691,70.9502140180727,0.06951070953526985,5033.93286921032
407,66.90125539243569,84.52077611298608,0.07995925057539034,7143.76159474152
408,71.24163623238583,85.1187111507398,0.08473251405421747,7245.1949879630765
409,43.78243500520529,62.562304060102036,0.053299258350546844,3914.0418893086594
410,39.106126338234894,56.53457264826498,0.04797634404826827,3196.1579045219505
411,35.39052821359696,48.88220696667207,0.043649700328379636,2389.4701579325633
412,95.08055756195829,103.8223209467881,0.10725787014451534,10779.074326777874
413,41.50673342302798,49.413340336041344,0.05013649981569716,2441.67820316545
414,42.003682368470486,54.76884519097332,0.05177212525898482,2999.6264035528015
415,55.17079398733329,75.25451113688267,0.0695710121589164,5663.241446451197
416,45.58220122573815,65.26841030391705,0.05786423341553311,4259.965383600466
417,43.356377012936605,54.087874144773345,0.05305432373534984,2925.498129500841
418,45.81139275264382,52.4177571839365,0.054375304258485545,2747.6212681941265
419,105.1619925098045,115.39196504428423,0.11774518531112545,13315.305596781314
420,65.45424900928074,73.41527084707792,0.07308331768197356,5389.801993549809
421,55.453842710502194,72.30387121827187,0.06780044750610957,5227.8497931484435
422,56.53600460128697,72.42931683568126,0.06898008320368602,5246.005937283502
423,59.91582998479422,74.16604135548198,0.07291191947086809,5500.601690343064
424,38.129397513993936,45.962911388664295,0.04649962323128775,2112.5892233222057
425,44.5460664030967,52.46072364689849,0.05457983255935768,2752.127525556254
426,72.73828304919029,80.71439361201843,0.08511058893653635,6514.813336155842
427,65.61690500246576,69.60016176694529,0.07954818100163828,4844.182517984954
428,51.9674572614643,63.77854879688601,0.06636619536413696,4067.70328663677
429,74.67865098015461,95.64460893498263,0.09738062813653384,9147.891218325758
430,73.97214549517527,91.99654780674196,0.09636606352123116,8463.36480835816
431,39.414007352802805,63.66880335785992,0.053803779918586016,4053.716521021835
432,45.604786096557596,59.37519174897401,0.0602736785643677,3525.4133952274315
433,96.23749617239119,105.3359437499752,0.11422927320211652,11095.66104569794
434,104.82295880835379,107.00099208589222,0.12595624650019668,11449.21230736517
435,21.35846903598976,25.148650111276716,0.026936403627862312,632.4546024194184
436,29.477483339013816,36.518778763783345,0.03792768880528506,1333.6212023981534
437,32.70997539617186,37.467658672958734,0.04155522000671713,1403.82544643334
438,43.55383834330957,47.80533747636055,0.05593316723599714,2285.3502912287227
439,39.36111240458523,48.502443559611216,0.04651985060018988,2352.4870312532717
440,38.09379741014493,43.98857263290228,0.04566426344576945,1934.9945222801198
441,48.021698447100775,50.56462486852839,0.05954420159791466,2556.7812880949996
442,74.72353431007669,86.57571930816752,0.09309730453471385,7495.355173726611
443,85.60808929798483,100.02661793898065,0.10705962683630255,10005.324296310804
444,50.222607656255526,59.20433898946351,0.060299703098358304,3505.153755179309
445,61.56670738299676,67.09033288031226,0.07397952214713922,4501.112765991108
446,52.82276498589009,71.59750252040533,0.06496937743021027,5126.202367159448
447,54.65411358531123,69.24533996109045,0.0687368250399435,4794.91710632699
448,61.378151784546766,72.89331220726167,0.07460599575239805,5313.434964545323
449,76.84298246851748,90.323598643016,0.09427791091046715,8158.352471824643
450,80.7267298908102,96.07988425075865,0.10027595002137028,9231.344157639182
451,78.2144979749618,93.29765293395519,0.09524316893272626,8704.452042984758
452,80.75256145000186,93.76172850434243,0.09839983635316397,8791.261732122019
453,79.79274247070646,96.78337666099888,0.09156757296004746,9367.021997904783
454,55.28985562090918,80.80063940953787,0.0593181452062587,6528.743328990165
455,95.48926816603331,122.12830680995962,0.10455154289814926,14915.32332426763
456,88.51368154485051,112.4064871651786,0.0940331222550607,12635.218356815463
457,149.6423216273367,156.27530356202493,0.17851198500211887,24421.97050340304
458,39.555776697055116,48.75851434057692,0.04676867099348919,2377.3927207002453
459,48.24329726046714,54.14453309818882,0.05655217360665377,2931.6304644208653
460,49.887667326716574,54.24675115590487,0.05830565892390769,2942.7100109706657
461,51.921674685697454,57.2773072776673,0.05981989196682704,3280.689928980319
462,59.27472160608742,62.74531466099826,0.0686996436910606,3936.974511907683
463,51.868765049896055,54.53366702371531,0.06071422788863003,2973.920839053455
464,38.45623647107691,42.46143746371453,0.04630644238928539,1802.97367148494
465,40.98820813189861,46.670295383439324,0.04933040539000112,2178.116471177478
466,42.2629560799682,48.50688530670002,0.05135808176625102,2352.9179221573504
467,43.83012656520753,47.92769508380407,0.05396313358902831,2297.063956046097
468,44.52012394723754,47.18484138412485,0.05302212981638299,2226.409256445021
469,50.81502868006802,52.707079294913726,0.060220428410561334,2778.036207800323
470,42.87958077283789,45.5821271306037,0.050905071135329515,2077.7303137505182
471,54.64047196756422,65.74991855298727,0.06225772499700407,4323.05178972446
472,57.57456338937863,73.70336743270482,0.07084446732602614,5432.186370920294
473,61.939242798001565,70.51856263036258,0.07030020740051172,4972.867675452369
474,64.1592447641355,71.6150022821801,0.07261474061933483,5128.708551876662
475,104.92979058537843,121.74073682984637,0.1144386214359481,14820.807003873912
476,69.26212190296897,77.51082415219493,0.0772574099535197,6007.927860752484
477,49.178967804555036,58.234527866671215,0.05706956069431276,3391.2602358541067
478,121.4655588079894,130.91357379683086,0.14459665317785791,17138.36380425828
479,32.50732099088658,43.001658095042046,0.03977760245701375,1849.1425989228949
480,57.43814488826849,67.1761025906313,0.07114313172635421,4512.628759267022
481,39.16151779070695,48.542583654308956,0.047835020283225185,2356.3824278355833
482,50.047533965504854,65.44266795917352,0.05859854467843316,4282.742789614636
483,46.014863358662524,59.18222391898991,0.05411852861623746,3502.5356279974617
484,34.35786347302373,41.62620501058025,0.04099274570456007,1732.740943582856
485,76.30840571549129,84.17258679373879,0.09295247477046313,7085.0243675494885
486,52.53040445503613,60.697924709639736,0.06035463835711511,3684.238064057094
487,55.349173497739834,60.87436368276122,0.0642907627629395,3705.688153781078
488,52.98714737005993,60.29423714604999,0.05953450649421598,3635.3950330241137
489,92.23589676041424,105.14112687726376,0.10164439931672482,11054.656561020876
490,68.85658668733359,81.47187136846236,0.07590686685411911,6637.665824279277
491,42.42374765952612,49.1230752644892,0.0493542072923774,2413.076523440671
492,62.986726620011204,74.70416762335218,0.07566822626035648,5580.712660297899
493,73.34707526680454,80.79313357744613,0.08793251255925368,6527.530433263054
494,42.883737604711364,54.550869419255974,0.04968395390658087,2975.797354396717
495,52.98275857443529,59.97895452261448,0.062358607149689396,3597.4749856258563
496,67.1586006458214,82.74882024518075,0.07425590352650348,6847.367251969236
497,57.18300266084384,70.85498619993612,0.0643728125710191,5020.429069393138
498,51.98087200948886,66.92695311124223,0.061088309731001086,4479.217052754416
499,128.62301195038455,139.23315069528832,0.15691011521737303,19385.870252536864
500,44.52196327524494,54.14524268902766,0.05425836290173769,2931.707305853703
501,48.18341572860675,55.056283689420646,0.0584276065843679,3031.1943736899657
502,44.7028447075132,51.44031817346295,0.05362327933384918,2646.106333787103
503,45.21185665973066,50.3091781117355,0.05227933000661254,2531.0134022783263
504,46.714835721828614,55.16970640739889,0.05258028408349279,3043.6965050785902
505,32.54788117941467,38.90429357166566,0.03738560565497097,1513.5440583103461
506,27.009902109431064,34.39702867401509,0.031662139340285125,1183.1555816010161
507,32.21984160910381,37.74418999105784,0.037421136935437437,1424.6238780810704
508,33.71931406386617,39.11442743922534,0.03966568698414254,1529.938433898424
509,36.74745917060362,40.10532532261786,0.04341040314875664,1608.4371192330134
510,38.31330876464561,40.8515180396584,0.04473328203745474,1668.846526144536
511,34.502587483302136,36.69474877049709,0.04075976300037442,1346.504587329898
512,29.74046429382213,31.522999787393086,0.03638791500273149,993.6995155959845
513,30.832474609102537,32.42199681352895,0.037806238834746944,1051.1858773764814
514,31.825543970127292,35.17357836473701,0.039449383066078966,1237.1806149802956
515,22.403909379981574,29.43405058919764,0.02573846732154476,866.363334087446
516,20.907071731590122,23.829892943611704,0.02514170022386878,567.8637977039948
517,43.949471379810056,49.20064898729945,0.052333261351916974,2420.7038607714508
518,24.672312200160654,29.634484856415824,0.029535878380988614,878.2026927051387
519,40.77733406870849,46.46291575074664,0.05072422873978993,2158.80254006098
520,38.644965939934,43.64552890936552,0.048003873312493464,1904.9321937782609
521,19.818602559787614,21.693188115758026,0.025114251243360478,470.5944106256653
522,23.370480455909632,25.460539238292398,0.02914579385916862,648.2390583046268
523,36.97476063976233,40.11132909328726,0.04506957222091011,1608.9187216299931
524,24.07868854560778,34.58376565883958,0.030728206079656668,1196.0368471455317
525,35.45597507667711,44.961455404376274,0.044924817679534844,2021.5324720797166
526,46.65497698494211,54.64505036228659,0.05565658060781379,2986.081529096838
527,45.790886025958216,59.92450908700736,0.05473153815319338,3590.946789318827
528,46.2957159204745,59.68395958608799,0.05540904098432505,3562.175031873784
529,46.58619260244185,60.09029995861359,0.05582774153039382,3610.844149116157
530,52.91493822737459,67.09301223149527,0.06431577570596278,4501.472290295574
531,53.13076281566556,62.887464398153014,0.06526805999917598,3954.833178428963
532,52.45033542434123,58.44093181600372,0.06544781215398511,3415.3425115227956
533,56.08011342684823,61.020650022991944,0.06998414426620815,3723.519729228467
534,63.97953431186473,78.32987155279956,0.081138105902814,6135.568777478077
535,49.72061099816993,62.54020224364348,0.06323304755805222,3911.276896675829
536,51.180227102774325,64.26494499874015,0.06507085688282518,4129.983155691097
537,50.75897885170189,56.22789363782363,0.06175419978058717,3161.5760229464063
538,75.9201412665717,88.29926730114201,0.08911480986106955,7796.7606059185255
539,77.4267506316686,84.36798357436793,0.09170972623561294,7117.956652404816
540,51.907685444175435,56.94559993030478,0.06259048024560758,3242.8013514223276
541,56.73048474781415,72.01394431193309,0.07122386552253276,5186.0081753622
542,42.31889362288938,57.672691804042955,0.05328106711857592,3326.139379924123
543,43.777025781049375,60.48103695851685,0.055239708649465126,3657.955831577481
544,43.62902990109145,55.93671314020327,0.054477476432869085,3128.9158769293886
545,121.10397752173624,129.61725863361042,0.1393627416366181,16800.633735692252
546,43.01096935386295,49.74132732963806,0.051533505329276696,2474.1996445141986
547,42.280120816580656,48.48077217152813,0.05065294690390817,2350.3852703476164
548,34.52268811158077,49.59844331536654,0.04161556333612173,2460.0055793076276
549,34.90083174066691,49.65636545726853,0.04209659844476217,2465.7546304258112
550,35.67818045625269,50.072959218967156,0.04309449548622013,2507.3012449443477
551,39.972304228258636,53.04090740345269,0.048793107749720004,2813.3378581816423
552,44.94441414650146,60.558499881885766,0.05480077384901675,3667.3319079443586
553,53.15113837585464,65.37589050188197,0.06593994750656922,4274.007058914061
554,47.158825122047766,62.30696616173018,0.059775639677084255,3882.15803227899
555,52.62577162543096,64.05895915620214,0.06753071880586084,4103.550248175974
556,49.693805344264774,61.154217643532355,0.06334409675366942,3739.8383355925243
557,50.849573597708755,62.3490637361425,0.06485513617116177,3887.4057487735595
558,43.203452917985906,53.933084589350315,0.054510975153402697,2908.777613322017
559,37.52764330375318,44.02863487452318,0.04349702605614615,1938.5206889140786
560,49.92044986688649,56.12399674959907,0.05983350744275839,3149.9030111490074
561,41.33819220072165,49.67482830782273,0.05066709936265272,2467.588567411666
562,31.99746069176865,44.44491668825135,0.04041237823151465,1975.3506194256029
563,34.980921146215564,46.458245235686434,0.04407653590213151,2158.368550379181
564,37.97910872535054,46.748054376049765,0.04738491762572332,2185.3805879461056
565,37.86373709338201,48.00461665214613,0.047461026918563846,2304.4432199195057
566,46.031162500725536,54.839154509161744,0.05815958947406134,3007.3328672797147
567,57.7214022724982,63.26039824485781,0.07085549397077509,4001.877986098009
568,45.42222972359093,55.48878336122996,0.0577363257364718,3079.005078909511
569,42.803241168739,57.81342742001516,0.05458001722307746,3342.3923900493605
570,45.57611193543293,58.918074392456994,0.05787315372710327,3471.339490115097
571,46.308002071769124,60.13154246345195,0.05894251133169293,3615.802399033925
572,45.62239126187327,58.59003972269952,0.057961803515889324,3432.792754707508
573,41.80849631409223,53.020196169242965,0.05199342101441536,2811.141201825006
574,47.45919945509637,56.57173753905504,0.05811473599096063,3200.3614881877293
575,42.460783170252576,52.71563193879069,0.05266652082002736,2778.9378507060496
576,34.28157376690082,49.26218491536145,0.04357356784343756,2426.7628626352657
577,38.76096161418703,50.8696216656154,0.04873170088678692,2587.718408402847
578,41.62826506780342,51.23324081990715,0.052041274313048766,2624.8449649106005
579,45.05190110019919,53.36981798923458,0.05645583993414954,2848.337472204027
580,35.723425706424045,42.03974551206185,0.04431081485022881,1767.3402027189243
581,56.48533262898695,74.74442745672613,0.0726014782562859,5586.729435833795
582,58.27578751170669,74.93302680266945,0.07446573676316866,5614.958505809578
583,54.68000489280347,75.29142810444046,0.07060730868965982,5668.799146006126
584,56.36901894820437,76.3178729300686,0.07276054500934086,5824.417728570099
585,62.58530994069435,78.88923181541269,0.08005519225228462,6223.510896425921
586,56.25724141288533,73.05238716414497,0.07126860478502971,5336.651270380133
587,59.90713725593009,73.60242852717779,0.07576576570044738,5417.317485098315
588,67.47096986367264,71.57508010508425,0.08115062339786308,5122.992092049227
589,57.70325999435858,61.96718537263883,0.0698778748849995,3839.932063006984
590,47.61500598772643,57.26491388951341,0.05874478098672564,3279.2703627733854
591,57.88300477209761,63.67042743738835,0.07012267071258624,4053.923330059735
592,58.716261905983984,66.42419831130147,0.07155910927824645,4412.1741212991055
593,59.48780765993657,66.1521710431065,0.07242145771400228,4376.109733716419
594,57.30149941184665,63.123372389467725,0.06618698115441969,3984.5601418194165
595,64.20297869389789,68.32674025200197,0.07441386343704767,4668.543433464546
596,48.546196054552674,52.88338726144902,0.057815560441317915,2796.6526482443887
597,49.04951137226754,55.561893582107935,0.05835299732158493,3087.1240184294866
598,44.741906953045195,54.16518632650161,0.05411277618480004,2933.867409784637
599,48.22428586423799,55.73171138863691,0.058364558981071846,3106.023654306321
600,49.96133026294225,55.136206741386765,0.0600141704688526,3040.0012938289433
601,49.113075561056625,55.022967900917635,0.056618355620842345,3027.5269966254127
602,53.082357466383996,57.951669332171484,0.06082106179573845,3358.395978385345
603,36.46551586085838,41.23931993154572,0.0430690167212288,1700.6815084163845
604,31.921861288869454,39.2541042967733,0.038212134956176834,1540.884704141956
605,41.95788731271476,47.85620039663023,0.0492944649681074,2290.2159164024315
606,40.48100300755306,47.70780652222074,0.04775360799770516,2276.034803161648
607,43.389259657739544,50.72097024235081,0.051993924063919096,2572.6168223254363
608,45.88517234414922,50.823667606101125,0.05233428229729026,2583.045188935453
